website,company_name,phone,city,state,country,google_maps_url,rating,reviews_count,lead_score,email
https://dermatouchrn.com,DermaTouch RN,(281) 895-9090,Houston,Texas,US,https://www.google.com/maps/search/?api=1&query=DermaTouch%20RN&query_place_id=ChIJg9T5pPLNQIYREdcETFYIuz8,4.9,1807,0,
https://botoxrn.com,BotoxRN and MedSpa-Houston,(832) 831-1356,Houston,Texas,US,https://www.google.com/maps/search/?api=1&query=BotoxRN%20and%20MedSpa-Houston&query_place_id=ChIJ4fbFt5fBQIYRHOKDMghdrNQ,4.6,121,0,
https://antiageinstitute.com,Antiage Institute,(832) 430-7768,Houston,Texas,US,https://www.google.com/maps/search/?api=1&query=Antiage%20Institute&query_place_id=ChIJJSZRF_rAQIYRPgG8GZnKnh8,4.9,664,0,
https://riveroaksmedspa.com,River Oaks MedSpa,(713) 621-2600,Houston,Texas,US,https://www.google.com/maps/search/?api=1&query=River%20Oaks%20MedSpa&query_place_id=ChIJL1LGdR3BQIYR5MvMIclvRtM,4.8,188,0,
https://swiftinjections.com,Swift Injections,(713) 703-7577,Houston,TX,US,https://www.google.com/maps/search/?api=1&query=Swift%20Injections&query_place_id=ChIJR8FISJ7bZ0sRgtNdX3bNuLw,4.8,19,0,
https://rosemilkaesthetics.com,Rose Milk Aesthetics,(832) 557-8151,Houston,Texas,US,https://www.google.com/maps/search/?api=1&query=Rose%20Milk%20Aesthetics&query_place_id=ChIJeXg9tArHQIYRSPP7V61anh0,5,360,0,
https://dreamhoustonmedspa.com,Dream Aesthetics Medspa,(281) 846-6454,Houston,Texas,US,https://www.google.com/maps/search/?api=1&query=Dream%20Aesthetics%20Medspa&query_place_id=ChIJKYvA1SPHQIYR56YOfaFfGjw,5,429,0,
https://houstoninjectionsmedspa.com,Houston Injections Medspa,(713) 821-4222,Houston,Texas,US,https://www.google.com/maps/search/?api=1&query=Houston%20Injections%20Medspa&query_place_id=ChIJATG3FRrBQIYRSSGvQ3yXBw8,5,45,0,
https://medernaofficial.com,Mederna Aesthetic & Wellness Medical Center,(832) 272-0401,Houston,Texas,US,https://www.google.com/maps/search/?api=1&query=Mederna%20Aesthetic%20%26%20Wellness%20Medical%20Center&query_place_id=ChIJh4kKVA3HQIYRWCZ5zbsvFj8,4.9,231,0,
https://thepuralife.com,PurA Medical Aesthetics,(281) 657-6074,Houston,Texas,US,https://www.google.com/maps/search/?api=1&query=PurA%20Medical%20Aesthetics&query_place_id=ChIJY9j7YBzBQIYRzzmH-lzMprE,5,887,0,
https://glowhouston.com,Glow Medical Aesthetics,(713) 338-9577,Houston,Texas,US,https://www.google.com/maps/search/?api=1&query=Glow%20Medical%20Aesthetics&query_place_id=ChIJrerdWEnAQIYRZs5i7Hk26yw,4.9,235,0,
https://vagaro.com,Derma Theory,(713) 887-5988,Houston,Texas,US,https://www.google.com/maps/search/?api=1&query=Derma%20Theory&query_place_id=ChIJKVY4aFfDQIYRuhJcZLNTvTQ,5,237,0,
https://galleriaesthetics.com,Galleria Aesthetics and Wellness,(713) 552-1112,Houston,Texas,US,https://www.google.com/maps/search/?api=1&query=Galleria%20Aesthetics%20and%20Wellness&query_place_id=ChIJ8ZwATWTBQIYRDDFvSI-MUIw,4.8,278,0,
https://evolveaestheticsmedspa.com,Evolve Aesthetics Medspa,(346) 302-5199,Houston,Texas,US,https://www.google.com/maps/search/?api=1&query=Evolve%20Aesthetics%20Medspa&query_place_id=ChIJE_Azex6_QIYRRWv5GnugsQU,4.7,105,0,
https://plastikosaesthetics.com,Plastikos Aesthetics,(713) 338-9582,Houston,Texas,US,https://www.google.com/maps/search/?api=1&query=Plastikos%20Aesthetics&query_place_id=ChIJC5WD7BK_QIYRuvrh3Sgsqd8,5,36,0,
https://mirrormirrorhouston.com,Mirror Mirror Beauty Boutique,(281) 810-9083,Houston,Texas,US,https://www.google.com/maps/search/?api=1&query=Mirror%20Mirror%20Beauty%20Boutique&query_place_id=ChIJhy16EgXBQIYRrWmm3YPBWac,4.6,249,0,
https://mybeautifulbody.com,Aesthetic Center for Plastic Surgery & MedSpa (ACPS),(713) 799-9999,Houston,Texas,US,https://www.google.com/maps/search/?api=1&query=Aesthetic%20Center%20for%20Plastic%20Surgery%20%26%20MedSpa%20(ACPS)&query_place_id=ChIJX1ZfCT7BQIYRnXDwEigU1-k,4.9,489,0,
https://hausofskin.net,HAUS OF SKIN AESTHETICS,(936) 933-2046,Houston,Texas,US,https://www.google.com/maps/search/?api=1&query=HAUS%20OF%20SKIN%20AESTHETICS&query_place_id=ChIJA0AtjA_BQIYR_BV-XiVeBWs,5,47,0,
https://beauty-medica.net,Beauty Medica,(832) 266-7109,Houston,Texas,US,https://www.google.com/maps/search/?api=1&query=Beauty%20Medica&query_place_id=ChIJkV6GIPvAQIYRPREd25G3gMg,4.8,21,0,
https://monacomedspa.com,Monaco MedSpa,(786) 536-6117,Miami,Florida,US,https://www.google.com/maps/search/?api=1&query=Monaco%20MedSpa&query_place_id=ChIJyVdcXaix2YgRMNbOy53MdC0,5,150,0,
https://carunamedspa.com,Caruna Med Spa & Laser Center,(305) 456-9336,Miami,Florida,US,https://www.google.com/maps/search/?api=1&query=Caruna%20Med%20Spa%20%26%20Laser%20Center&query_place_id=ChIJHbaiBIi22YgRaVA-eYIDBZ8,4.8,154,0,
https://arvivaesthetics.com,Arviv Medical Aesthetics Miami,(305) 340-9002,Miami,Florida,US,https://www.google.com/maps/search/?api=1&query=Arviv%20Medical%20Aesthetics%20Miami&query_place_id=ChIJ4VAQIVSx2YgR-KM7oK38mac,4.8,404,0,
https://deluxemedspabeauty.com,Deluxe Med Spa Beauty,(786) 901-0611,Miami,Florida,US,https://www.google.com/maps/search/?api=1&query=Deluxe%20Med%20Spa%20Beauty&query_place_id=ChIJ9QShWb232YgRErcFd8RYjwc,4.9,252,0,
https://4beautymedspa.com,4Beauty Medspa,(786) 496-9444,Miami,Florida,US,https://www.google.com/maps/search/?api=1&query=4Beauty%20Medspa&query_place_id=ChIJw_1UpwO32YgRcVAHV9QE1YI,4.9,304,0,
https://miamiskinspa.com,Miami Skin Spa Aesthetics & Wellness,(305) 557-1615,Miami,Florida,US,https://www.google.com/maps/search/?api=1&query=Miami%20Skin%20Spa%20Aesthetics%20%26%20Wellness&query_place_id=ChIJ7ciBzzO32YgRsWnzwqMbN5E,4.8,150,0,
https://medaestheticsmiami.com,Med Aesthetics Miami,(305) 356-7402,Miami,FL,US,https://www.google.com/maps/search/?api=1&query=Med%20Aesthetics%20Miami&query_place_id=ChIJkxNWdMS22YgROy0QtiWx41o,4.8,433,0,
https://rymaps.xyz,Miami Surgical MedSpa,(305) 515-5009,Miami,Florida,US,https://www.google.com/maps/search/?api=1&query=Miami%20Surgical%20MedSpa&query_place_id=ChIJVx5-sNu52YgR-21dJlCn9ZM,5,524,0,
https://avivamedicalspa.com,Aviva Medical Spa,(786) 812-8622,Miami,Florida,US,https://www.google.com/maps/search/?api=1&query=Aviva%20Medical%20Spa&query_place_id=ChIJPzO231ax2YgRaoJeTYze_Xs,4.7,330,0,
https://luxmedspabrickell.com,LUX MedSpa Brickell,(305) 988-9388,Miami,Florida,US,https://www.google.com/maps/search/?api=1&query=LUX%20MedSpa%20Brickell&query_place_id=ChIJtRS0HVy32YgRsiZz9ho-xq4,5,2210,0,
https://aliciamedspa.com,Alicia Med Spa,(917) 854-9121,Miami,Florida,US,https://www.google.com/maps/search/?api=1&query=Alicia%20Med%20Spa&query_place_id=ChIJhct1E1a32YgRtV6uu0RNxSo,4.8,139,0,
https://mia.dolcemedicalspas.com,Dolce Medical Spa - Miami,(786) 305-8898,Miami,Florida,US,https://www.google.com/maps/search/?api=1&query=Dolce%20Medical%20Spa%20-%20Miami&query_place_id=ChIJwdWBW0632YgRp4gSAlHwSSg,5,1087,0,
https://elegantmedspacenter.com,Elegant Med Spa,(305) 456-4921,Miami,Florida,US,https://www.google.com/maps/search/?api=1&query=Elegant%20Med%20Spa&query_place_id=ChIJEyAf03u_2YgRa56m545DIeg,5,11,0,
https://standardhotels.com,"The Standard Spa, Miami Beach",(305) 673-1717,Miami Beach,Florida,US,https://www.google.com/maps/search/?api=1&query=The%20Standard%20Spa%2C%20Miami%20Beach&query_place_id=ChIJi3iJenu02YgRFrHZlqynfjg,4.5,2580,0,
https://lavishlasermedspa.com,Lavish Laser Med Spa Midtown Miami,(754) 287-2084,Miami,Florida,US,https://www.google.com/maps/search/?api=1&query=Lavish%20Laser%20Med%20Spa%20Midtown%20Miami&query_place_id=ChIJf5ed1fm32YgRerIjChTGSRg,4.9,27,0,
https://nofiltermedspa.com,No Filter Medical Spa,(305) 619-2651,Miami,Florida,US,https://www.google.com/maps/search/?api=1&query=No%20Filter%20Medical%20Spa&query_place_id=ChIJIwS0toq32YgRtdNmpvUoV8A,4.9,196,0,
https://brickellcosmetic.com,Brickell Cosmetic Center-Aesthetics & Dermatology,(305) 456-6001,Miami,Florida,US,https://www.google.com/maps/search/?api=1&query=Brickell%20Cosmetic%20Center-Aesthetics%20%26%20Dermatology&query_place_id=ChIJt7xbx4m22YgRiCc1jctvNNA,4.6,425,0,
https://charettecosmetics.com,Charette Cosmetics Medical Spa - Miami Beach,(404) 430-4378 ext. 3,Miami Beach,Florida,US,https://www.google.com/maps/search/?api=1&query=Charette%20Cosmetics%20Medical%20Spa%20-%20Miami%20Beach&query_place_id=ChIJ-VkNhhuz2YgR3tgNIZtgN94,5,566,0,
https://infinitybeautylab.com,Infinity Beauty Lab Med Spa,(561) 232-0263,Miami,Florida,US,https://www.google.com/maps/search/?api=1&query=Infinity%20Beauty%20Lab%20Med%20Spa&query_place_id=ChIJfUkjg8-32YgR0oPf9H13PwM,5,63,0,
https://merakimedmiami.com,Meraki Med Miami,(305) 988-8089,Miami,Florida,US,https://www.google.com/maps/search/?api=1&query=Meraki%20Med%20Miami&query_place_id=ChIJMxGje0e32YgRTH46qw8PEXA,5,26,0,
https://implantcenterlosangeles.com,Dental Implant Center of Los Angeles,(323) 433-5990,Los Angeles,California,US,https://www.google.com/maps/search/?api=1&query=Dental%20Implant%20Center%20of%20Los%20Angeles&query_place_id=ChIJRdv2Ajy5woAR-Pkfljb48V8,4.8,4,0,
https://socalimplants.com,"Southern California Implant Centers - Dental Implants Los Angeles- Periodontist Los Angeles, CA",(310) 231-5100,Los Angeles,California,US,https://www.google.com/maps/search/?api=1&query=Southern%20California%20Implant%20Centers%20-%20Dental%20Implants%20Los%20Angeles-%20Periodontist%20Los%20Angeles%2C%20CA&query_place_id=ChIJe45bMGG7woARJdNInRZj3vc,4.9,84,0,
https://dentalimplantcenter.com,The Dental Implant Center,(214) 956-9100,Dallas,Texas,US,https://www.google.com/maps/search/?api=1&query=The%20Dental%20Implant%20Center&query_place_id=ChIJU9knsWOeToYR2PmDkArm8Lc,5,189,0,
https://perioimplanthealthpro.com,Perio Implant Health Professionals,(213) 481-0664,Los Angeles,California,US,https://www.google.com/maps/search/?api=1&query=Perio%20Implant%20Health%20Professionals&query_place_id=ChIJs4NQX6XHwoARGAmqzO56A40,4.9,189,0,
https://westlaimplants.com,West LA Implants,(310) 481-0111,Los Angeles,California,US,https://www.google.com/maps/search/?api=1&query=West%20LA%20Implants&query_place_id=ChIJp1ZuoVy7woARqnw6u4WDEYU,4.9,190,0,
https://davidkaodds.com,David S. Kao DDS,(213) 481-2699,Los Angeles,California,US,https://www.google.com/maps/search/?api=1&query=David%20S.%20Kao%20DDS&query_place_id=ChIJfatm-a_HwoARRLBlunBVEY8,5,240,0,
https://laperioimplantcenter.com,Premier LA Periodontics & Dental Implant Center,(213) 667-0873,Los Angeles,California,US,https://www.google.com/maps/search/?api=1&query=Premier%20LA%20Periodontics%20%26%20Dental%20Implant%20Center&query_place_id=ChIJQyf4NT-9woARJjlcDLdQpPQ,5,72,0,
https://beverlyhillsimplants.com,Beverly Hills Implant Center,(310) 424-7072,Beverly Hills,California,US,https://www.google.com/maps/search/?api=1&query=Beverly%20Hills%20Implant%20Center&query_place_id=ChIJc4rBbqu5woARHmuT1eUe48c,5,76,0,
https://topimplantcenter.com,Top Implant Center,(213) 382-4336,Los Angeles,California,US,https://www.google.com/maps/search/?api=1&query=Top%20Implant%20Center&query_place_id=ChIJN8fJt4PHwoARs2dMgfB-NP8,4.5,30,0,
https://smilela.com,Smile L.A. Downtown Modern Dentistry,(213) 570-8775,Los Angeles,California,US,https://www.google.com/maps/search/?api=1&query=Smile%20L.A.%20Downtown%20Modern%20Dentistry&query_place_id=ChIJlxusK0-3woARG9AAHdBJhpE,4.9,776,0,
https://newmedental.com,NewMe Dental Implants of Houston,(832) 791-3039,Houston,Texas,US,https://www.google.com/maps/search/?api=1&query=NewMe%20Dental%20Implants%20of%20Houston&query_place_id=ChIJ39YtiD2XQIYRLRg7VW-YsnU,5,287,0,
https://nmsmilecenter.com,New Mexico Smile Center,(505) 275-1663,Albuquerque,New Mexico,US,https://www.google.com/maps/search/?api=1&query=New%20Mexico%20Smile%20Center&query_place_id=ChIJs6TX9OSfGIcRe30wpFkW-WU,5,763,0,
https://santafeperiodontics.com,"Dr. Jeffrey Melton DDS, MS",(505) 984-8300,Santa Fe,New Mexico,US,https://www.google.com/maps/search/?api=1&query=Dr.%20Jeffrey%20Melton%20DDS%2C%20MS&query_place_id=ChIJsZB3hxNQGIcRQKwl-VFPsFU,4.9,533,0,
https://hildebrandfamilydental.com,Hildebrand Family Dental Care,(210) 733-9477,San Antonio,Texas,US,https://www.google.com/maps/search/?api=1&query=Hildebrand%20Family%20Dental%20Care&query_place_id=ChIJZYkRsAtfXIYRS2U4KqPfbmk,4.9,304,0,
https://sanchezhenrydental.com,Sanchez + Henry Dental,(505) 268-2741,Albuquerque,New Mexico,US,https://www.google.com/maps/search/?api=1&query=Sanchez%20%2B%20Henry%20Dental&query_place_id=ChIJZ6AQ2d8KIocRZMknV_5IAuA,5,537,0,
https://rosemarydentalspa.com,Rosemary Dental Spa,(505) 292-8310,Albuquerque,New Mexico,US,https://www.google.com/maps/search/?api=1&query=Rosemary%20Dental%20Spa&query_place_id=ChIJkVx0HJmfGIcRNkcbK-c0y-Y,4.9,204,0,
https://brighamortho.com,Brigham Orthodontics,(480) 767-8810,Scottsdale,Arizona,US,https://www.google.com/maps/search/?api=1&query=Brigham%20Orthodontics&query_place_id=ChIJ19FeVT91K4cRIbf_DDi9lCY,5,664,0,
https://pacboca.com,Prestige,(561) 235-7300,Boca Raton,Florida,US,https://www.google.com/maps/search/?api=1&query=Prestige&query_place_id=ChIJTeOOzzUf2YgRNnHjYWQMcQw,4.9,441,0,
https://airsculpt.com,AirSculpt - Atlanta,(678) 949-9297,Atlanta,Georgia,US,https://www.google.com/maps/search/?api=1&query=AirSculpt%20-%20Atlanta&query_place_id=ChIJ_zPOo_4P9YgRbzD21w9Sq2o,4.6,153,0,
https://injection-perfection.com,Injection Perfection Medical Spa,(561) 266-4150,Boca Raton,Florida,US,https://www.google.com/maps/search/?api=1&query=Injection%20Perfection%20Medical%20Spa&query_place_id=ChIJzdkZmd0b2YgRyPQgeiMXAms,5,170,0,
https://impruv-u.com,Impruv-U,(561) 757-5814,Boca Raton,Florida,US,https://www.google.com/maps/search/?api=1&query=Impruv-U&query_place_id=ChIJweaM-Jbj2IgR6l3dku-60zk,5,41,0,
https://cutelooksmedispa.net,Cute Looks Medispa,(561) 388-9337,Boca Raton,Florida,US,https://www.google.com/maps/search/?api=1&query=Cute%20Looks%20Medispa&query_place_id=ChIJ__-_97Qf2YgRjP5kHR8LJ8U,4.9,75,0,
https://newradiancenow.com,New Radiance Cosmetic Centers,(561) 576-2245,Boca Raton,Florida,US,https://www.google.com/maps/search/?api=1&query=New%20Radiance%20Cosmetic%20Centers&query_place_id=ChIJ63NN9kXh2IgR0lx2VG4PpZ0,4.8,195,0,
https://bo.dolcemedicalspas.com,Dolce Medical Spa,(561) 831-7717,Boca Raton,Florida,US,https://www.google.com/maps/search/?api=1&query=Dolce%20Medical%20Spa&query_place_id=ChIJB7VNPfLh2IgRWoDvdYjLrt4,4.8,178,0,
https://ashleysmedicalaesthetics.com,Ashley's Medical Aesthetics,(561) 631-2885,Boca Raton,Florida,US,https://www.google.com/maps/search/?api=1&query=Ashley's%20Medical%20Aesthetics&query_place_id=ChIJ8fS42Bsd2YgRMPL9XODA1Mg,5,20,0,
https://vitalitylaserspa.com,Vitality Spa,(954) 638-3524,Boca Raton,Florida,US,https://www.google.com/maps/search/?api=1&query=Vitality%20Spa&query_place_id=ChIJzXvLg8_h2IgR5ItkzLVBQMo,4.9,150,0,
https://bodycontouringmiami.com,Body Contouring & Wellness Massage Miami Beach,(786) 777-8674,Miami Beach,Florida,US,https://www.google.com/maps/search/?api=1&query=Body%20Contouring%20%26%20Wellness%20Massage%20Miami%20Beach&query_place_id=ChIJufCgAkbh2IgRPCc6v90uqiQ,4.9,68,0,
https://slimtone.us,SLIMTONE®,(561) 288-8188,Boca Raton,Florida,US,https://www.google.com/maps/search/?api=1&query=SLIMTONE%C2%AE&query_place_id=ChIJ357xziQc2YgReZ7SwofazU8,4.9,139,0,
https://alluraaesthetics.com,AlluraMD Aesthetics + Wellness | Boca Raton (formerly The Box Med Spa),(561) 717-8903,Boca Raton,Florida,US,https://www.google.com/maps/search/?api=1&query=AlluraMD%20Aesthetics%20%2B%20Wellness%20%7C%20Boca%20Raton%20(formerly%20The%20Box%20Med%20Spa)&query_place_id=ChIJJ921h5sZ2YgR25LfkIhpsJM,4.9,158,0,
https://ebbmedspa.com,Everybody Is Beautiful Med Spa,(561) 756-8550,Boca Raton,Florida,US,https://www.google.com/maps/search/?api=1&query=Everybody%20Is%20Beautiful%20Med%20Spa&query_place_id=ChIJN1EAkHse2YgRZLMUqg8MvK4,4.9,108,0,
https://glamormedical.com,Glamor Medical,(561) 990-8442,Boca Raton,Florida,US,https://www.google.com/maps/search/?api=1&query=Glamor%20Medical&query_place_id=ChIJW-ZeMTsc2YgRMWgIWKR91GI,5,195,0,
https://cryosculptinglab.com,"Cryo Sculpting Lab - Boca Raton, Fl",(561) 299-0683,Boca Raton,Florida,US,https://www.google.com/maps/search/?api=1&query=Cryo%20Sculpting%20Lab%20-%20Boca%20Raton%2C%20Fl&query_place_id=ChIJe7ENUFrh2IgR0o_55_Tq0Oc,5,3,0,
https://sanctuarymedical.com,Sanctuary Medical Center,(561) 221-0457,Boca Raton,Florida,US,https://www.google.com/maps/search/?api=1&query=Sanctuary%20Medical%20Center&query_place_id=ChIJZQA__cfh2IgR7_PErihUyPI,4.9,656,0,
https://thebodysquad.com,BodySquad,(561) 903-4945,Delray Beach,Florida,US,https://www.google.com/maps/search/?api=1&query=BodySquad&query_place_id=ChIJzQXDr3jj2IgRpwGlro7FrFE,4.8,91,0,
https://peacelovemed.com,Peace Love Med Spa | Botox | Lip Filler | Dysport | Facial Balancing | Non Surgical Nose Job,(561) 462-4234,Boca Raton,Florida,US,https://www.google.com/maps/search/?api=1&query=Peace%20Love%20Med%20Spa%20%7C%20Botox%20%7C%20Lip%20Filler%20%7C%20Dysport%20%7C%20Facial%20Balancing%20%7C%20Non%20Surgical%20Nose%20Job&query_place_id=ChIJGbA51A_i2IgR5JRVWLkjJlQ,5,1540,0,
https://southcoastmedspa.com,South Coast MedSpa,(949) 650-7267,Newport Beach,California,US,https://www.google.com/maps/search/?api=1&query=South%20Coast%20MedSpa&query_place_id=ChIJDweEhQcg3YARcAw1ddaO2a8,4.7,307,0,
https://bbspamed.com,Beyond Beauty Medical Spa,(949) 203-3434,Newport Beach,California,US,https://www.google.com/maps/search/?api=1&query=Beyond%20Beauty%20Medical%20Spa&query_place_id=ChIJq6qa9KJp6oARVxADo4g50HY,5,219,0,
https://belleviemedical.com,Belle Vie Wellness & Medical Aesthetics,(855) 635-0011,Costa Mesa,California,US,https://www.google.com/maps/search/?api=1&query=Belle%20Vie%20Wellness%20%26%20Medical%20Aesthetics&query_place_id=ChIJwWf29Xrf3IARfGz16FAPkz0,4.9,296,0,
https://mesospa.com,MeSO Medspa Newport Beach,(949) 617-1221,Newport Beach,California,US,https://www.google.com/maps/search/?api=1&query=MeSO%20Medspa%20Newport%20Beach&query_place_id=ChIJm7uRAYjf3IARG5HD1kp32TA,4.8,331,0,
https://iconmd.com,Icon MD Medical Spa + Laser Center Boca Raton,(561) 409-2340,Boca Raton,Florida,US,https://www.google.com/maps/search/?api=1&query=Icon%20MD%20Medical%20Spa%20%2B%20Laser%20Center%20Boca%20Raton&query_place_id=ChIJi0OnhV0f2YgR6LBvhqHiYWI,4.9,512,0,
https://injectionartistryclinic.com,Injection Artistry,(949) 531-1939,Newport Beach,California,US,https://www.google.com/maps/search/?api=1&query=Injection%20Artistry&query_place_id=ChIJ66hAU2Eh3YARthZ_cCToj4Q,5,58,0,
https://drsajjadian.com,"Ali Sajjadian, M.D., F.A.C.S",(949) 515-0550,Newport Beach,California,US,https://www.google.com/maps/search/?api=1&query=Ali%20Sajjadian%2C%20M.D.%2C%20F.A.C.S&query_place_id=ChIJB2GScwog3YARdpjBDDKGR04,4.9,353,0,
https://newportbeachdps.com,Newport Beach Dermatology and Plastic Surgery,(949) 706-7886,Newport Beach,California,US,https://www.google.com/maps/search/?api=1&query=Newport%20Beach%20Dermatology%20and%20Plastic%20Surgery&query_place_id=ChIJ_ZmZCI_g3IAR8vkrtYb4cA4,4.8,110,0,
https://purebeautymedicalspa.com,Pure Beauty Medical Spa,(949) 946-6624,Newport Beach,California,US,https://www.google.com/maps/search/?api=1&query=Pure%20Beauty%20Medical%20Spa&query_place_id=ChIJJ2XY74jg3IARFgovzyKCMVE,4.7,46,0,
https://nueyaesthetics.com,Nuey Aesthetics & Wellness - Newport Beach,(949) 514-8365,Newport Beach,California,US,https://www.google.com/maps/search/?api=1&query=Nuey%20Aesthetics%20%26%20Wellness%20-%20Newport%20Beach&query_place_id=ChIJMxGNjnDf3IARReXGWoSz1VM,5,31,0,
https://newportbeachmedspa.com,Newport Beach MedSpa,(949) 631-2800,Newport Beach,California,US,https://www.google.com/maps/search/?api=1&query=Newport%20Beach%20MedSpa&query_place_id=ChIJ2z8xEPje3IARZVsysFtD268,4.8,270,0,
https://californiacosmetics.com,California Cosmetics,(855) 977-1982,Newport Beach,California,US,https://www.google.com/maps/search/?api=1&query=California%20Cosmetics&query_place_id=ChIJ0RGk8_Hf3IARrBIQjeTJl54,4.8,160,0,
https://appearancecenter.com,Appearance Center of Newport Beach,(949) 200-1615,Newport Beach,California,US,https://www.google.com/maps/search/?api=1&query=Appearance%20Center%20of%20Newport%20Beach&query_place_id=ChIJeX6LqIng3IARjHenkQo0zlQ,5,188,0,
https://nakedmd.com,NakedMD Med Spa Newport Beach,(949) 379-8758,Newport Beach,California,US,https://www.google.com/maps/search/?api=1&query=NakedMD%20Med%20Spa%20Newport%20Beach&query_place_id=ChIJmbn6_F7f3IARjeMK9NOGoFc,4.9,1606,0,
https://cosmeticare.com,CosmetiCare Plastic Surgery Newport Beach & Med Spa,(949) 238-6133,Corona Del Mar,California,US,https://www.google.com/maps/search/?api=1&query=CosmetiCare%20Plastic%20Surgery%20Newport%20Beach%20%26%20Med%20Spa&query_place_id=ChIJ76pcU2Xg3IARDVttZxzcQIM,4.7,163,0,
https://beautyboostmedspa.com,"Beauty Boost Med Spa, Inc.",(949) 514-8602,Newport Beach,California,US,https://www.google.com/maps/search/?api=1&query=Beauty%20Boost%20Med%20Spa%2C%20Inc.&query_place_id=ChIJASoNO7_f3IARj3ift5_9VUo,4.9,192,0,
https://getthetreatment.com,The Treatment Skin Boutique Newport Beach,(844) 344-7546,Newport Beach,California,US,https://www.google.com/maps/search/?api=1&query=The%20Treatment%20Skin%20Boutique%20Newport%20Beach&query_place_id=ChIJKfCigJUh3YARR5Qn3sL6fBI,5,65,0,
https://newportaesthetics.com,Newport Aesthetics,(949) 660-9972,Newport Beach,California,US,https://www.google.com/maps/search/?api=1&query=Newport%20Aesthetics&query_place_id=ChIJN2Y_mlPe3IAR5ur8B8GWkps,4.4,7,0,
https://4everyoungantiaging.com,4Ever Young Med Spa & Wellness Center - Boca Raton,(561) 320-4699,Boca Raton,Florida,US,https://www.google.com/maps/search/?api=1&query=4Ever%20Young%20Med%20Spa%20%26%20Wellness%20Center%20-%20Boca%20Raton&query_place_id=ChIJ8e4RTHYe2YgRakoZnm_B1OA,4.9,1560,0,
https://dallaslaserfacial.com,The Aesthetics Project,(945) 349-8200,Dallas,Texas,US,https://www.google.com/maps/search/?api=1&query=The%20Aesthetics%20Project&query_place_id=ChIJocMw9r7aKkoRY_Hj1SM3KGo,5,80,0,
https://beautymedicalaesthetics.com,Beauty Medical Aesthetics,(469) 608-1008,Dallas,Texas,US,https://www.google.com/maps/search/?api=1&query=Beauty%20Medical%20Aesthetics&query_place_id=ChIJF2Lze0SeToYRuCoCIXoRN2E,4.6,11,0,
https://lakewoodaesthetics.com,Lakewood Aesthetics,(469) 547-6181,Dallas,Texas,US,https://www.google.com/maps/search/?api=1&query=Lakewood%20Aesthetics&query_place_id=ChIJizPN45-hToYRID7vYkBViy8,4.6,19,0,
https://faceingaesthetics.com,Faceing Aesthetics,(310) 946-6038,Dallas,Texas,US,https://www.google.com/maps/search/?api=1&query=Faceing%20Aesthetics&query_place_id=ChIJIZCDrfKfToYRar1zUao5erw,5,16,0,
https://clinicabeautyaesthetics.glossgenius.com,"Clinica Beauty Aesthetics by Erica, RN (formerly Nectar Aesthetics and Wellness)",(214) 686-1831,Dallas,Texas,US,https://www.google.com/maps/search/?api=1&query=Clinica%20Beauty%20Aesthetics%20by%20Erica%2C%20RN%20(formerly%20Nectar%20Aesthetics%20and%20Wellness)&query_place_id=ChIJE8FFsqKZToYR9bIf5-vmxP8,5,11,0,
https://cultaesthetics.com,CULT Aesthetics,(469) 720-1086,Dallas,Texas,US,https://www.google.com/maps/search/?api=1&query=CULT%20Aesthetics&query_place_id=ChIJFX32ikGZToYRsMJi8wiyMQo,4.9,346,0,
https://thescienceofbeauty.co,The Science of Beauty,(214) 272-9240,Dallas,Texas,US,https://www.google.com/maps/search/?api=1&query=The%20Science%20of%20Beauty&query_place_id=ChIJlRYFrG-ZToYR8Q7o9DDXScI,5,201,0,
https://tericawright.glossgenius.com,Dallas Aesthetic Studio,(469) 442-9792,Dallas,Texas,US,https://www.google.com/maps/search/?api=1&query=Dallas%20Aesthetic%20Studio&query_place_id=ChIJs2Doe-iZToYR1KHKTP18mUQ,5,109,0,
https://calypsoaestheticlab.com,Calypso Aesthetic Lab,(832) 622-6294,Dallas,Texas,US,https://www.google.com/maps/search/?api=1&query=Calypso%20Aesthetic%20Lab&query_place_id=ChIJTTvaCtqdToYRYdiL9GnoJuk,5,202,0,
https://bareaestheticsdallas.com,Bare Aesthetics Dallas,(214) 980-4371,Dallas,Texas,US,https://www.google.com/maps/search/?api=1&query=Bare%20Aesthetics%20Dallas&query_place_id=ChIJB4JKwjufToYRKJVN9-9lZ10,5,125,0,
https://lisseaesthetics.com,Lisse Aesthetics,(469) 264-5162,Dallas,Texas,US,https://www.google.com/maps/search/?api=1&query=Lisse%20Aesthetics&query_place_id=ChIJ2S5HowcupmwREps5rpigD5A,5,151,0,
https://saxonmd.com,Saxon MD Facial Plastic Surgery,(469) 697-6164,Dallas,Texas,US,https://www.google.com/maps/search/?api=1&query=Saxon%20MD%20Facial%20Plastic%20Surgery&query_place_id=ChIJz5tRDySfToYRjEadPZR5nIo,4.7,31,0,
https://mattisonsalonsuites.com,Mattison Avenue Salon Suites & Spa,(915) 293-6333,Dallas,Texas,US,https://www.google.com/maps/search/?api=1&query=Mattison%20Avenue%20Salon%20Suites%20%26%20Spa&query_place_id=ChIJEzy31e-fToYRA36YoRu1If0,4.5,34,0,
https://aurumhealth.com,Aurum Health,(214) 865-7800,Dallas,Texas,US,https://www.google.com/maps/search/?api=1&query=Aurum%20Health&query_place_id=ChIJD8LET6GZToYRSleYd2kkdPw,4.9,244,0,
https://ltwmedspa.com,LoveThyself Wellness Med Spa,(972) 644-4065,,,,https://www.google.com/maps/search/?api=1&query=LoveThyself%20Wellness%20Med%20Spa&query_place_id=ChIJ1zn8f5OmtGURAYPXpFwFKuM,5,3,0,
https://beautybodyworks.net,BeautyBodyworks,(214) 696-9990,Dallas,Texas,US,https://www.google.com/maps/search/?api=1&query=BeautyBodyworks&query_place_id=ChIJfVs_fVOfToYRsTomd7lIY4E,5,2,0,
https://drrai.net,Dr. Rai: Cosmetic Surgical Center,(972) 566-6500,Dallas,Texas,US,https://www.google.com/maps/search/?api=1&query=Dr.%20Rai%3A%20Cosmetic%20Surgical%20Center&query_place_id=ChIJw5I1L20gTIYRbw5hnrSB3a4,5,377,0,
https://conniecasadmd.com,Connie Casad M.D.,(972) 685-2740,Dallas,Texas,US,https://www.google.com/maps/search/?api=1&query=Connie%20Casad%20M.D.&query_place_id=ChIJA1lfwGsgTIYRgcMSV0xLk6Q,4.5,109,0,
https://omnisculptmd.com,"Louis DeGironemo M.D., D.C.",(214) 988-9188,Dallas,Texas,US,https://www.google.com/maps/search/?api=1&query=Louis%20DeGironemo%20M.D.%2C%20D.C.&query_place_id=ChIJT3wHdplLtIoR1MGwDSmUSmw,5,3,0,
https://thehotspotvsteam.com,The Hot Spot V-Steam LLC,(214) 620-0069,Dallas,Texas,US,https://www.google.com/maps/search/?api=1&query=The%20Hot%20Spot%20V-Steam%20LLC&query_place_id=ChIJz_lJRHylToYR_c4PzmA5yBs,5,62,0,
https://hlthco.com,The Health Collective,(469) 755-6905,Dallas,Texas,US,https://www.google.com/maps/search/?api=1&query=The%20Health%20Collective&query_place_id=ChIJVVUFfgogTIYRkm6J0bx5Q5s,4.8,22,0,
https://cosmeticsurgerydallas.com,Rachel Walker MD: Plastic Surgery Center of Dallas,(972) 661-5077,Dallas,Texas,US,https://www.google.com/maps/search/?api=1&query=Rachel%20Walker%20MD%3A%20Plastic%20Surgery%20Center%20of%20Dallas&query_place_id=ChIJqba8CPEgTIYRFyA-8FgSqqY,4.9,480,0,
https://quickdripivhydration.com,QuickDrip IV Hydration,(469) 972-9446,Dallas,Texas,US,https://www.google.com/maps/search/?api=1&query=QuickDrip%20IV%20Hydration&query_place_id=ChIJVaFaHK8hTIYRqy3aJoQaC6g,5,20,0,
https://thewellnessinstituteofdallas.com,The Wellness Institute of Dallas,(972) 996-2420,Dallas,Texas,US,https://www.google.com/maps/search/?api=1&query=The%20Wellness%20Institute%20of%20Dallas&query_place_id=ChIJ-8421U6eToYRud1SjgCKxkU,4.9,77,0,
https://rajamohanmd.com,Dr. Raja Mohan Plastic Surgery,(469) 301-1725,Dallas,Texas,US,https://www.google.com/maps/search/?api=1&query=Dr.%20Raja%20Mohan%20Plastic%20Surgery&query_place_id=ChIJ-_9a6g5jToYReG7a-3AHn0I,4.9,169,0,
https://dallasfacialist.com,KARLA PATRICIA SKIN - DALLAS FACIALIST,(972) 885-7546,Dallas,Texas,US,https://www.google.com/maps/search/?api=1&query=KARLA%20PATRICIA%20SKIN%20-%20DALLAS%20FACIALIST&query_place_id=ChIJC3Xfk9CfToYRswMo8uRW3ow,5,44,0,
https://innovationsmedical.com,Innovations Medical,(972) 944-5831,Dallas,Texas,US,https://www.google.com/maps/search/?api=1&query=Innovations%20Medical&query_place_id=ChIJi27uqD8gTIYRR11w59NFkf0,4.5,129,0,
https://dermcenterofdallas.com,Dermatology Center of Dallas,(214) 739-5821,Dallas,Texas,US,https://www.google.com/maps/search/?api=1&query=Dermatology%20Center%20of%20Dallas&query_place_id=ChIJYR9gJe6fToYRMpOdOtHAhv0,4.9,586,0,
https://saltboxdallas.com,Saltbox Aesthetics + Apothecary,(972) 677-9888,Dallas,Texas,US,https://www.google.com/maps/search/?api=1&query=Saltbox%20Aesthetics%20%2B%20Apothecary&query_place_id=ChIJ9RWmsICfToYRR2jyrr_nmHc,5,20,0,
https://faceologie.com,FACEOLOGIE,(469) 949-4293,Dallas,Texas,US,https://www.google.com/maps/search/?api=1&query=FACEOLOGIE&query_place_id=ChIJz36PNJifToYRslxwzhTvgz0,5,32,0,
https://infinitedripz.com,Infinite Dripz,(469) 336-3540,Dallas,Texas,US,https://www.google.com/maps/search/?api=1&query=Infinite%20Dripz&query_place_id=ChIJc_n2KbtsAyARBW8228vzCUE,5,88,0,
https://msha.ke,Aura Bloom Aesthetics,(469) 546-5554,Dallas,Texas,US,https://www.google.com/maps/search/?api=1&query=Aura%20Bloom%20Aesthetics&query_place_id=ChIJHRIP8PifToYRG2xdpTKF-B4,5,5,0,
https://orangetwist.com,OrangeTwist Dallas - Mockingbird Station,(972) 430-8181,Dallas,Texas,US,https://www.google.com/maps/search/?api=1&query=OrangeTwist%20Dallas%20-%20Mockingbird%20Station&query_place_id=ChIJp7idh3WfToYRWaIVB5BiTQ0,4.9,30,0,
https://joladallas.com,JOLA Dallas,(214) 515-0002,Dallas,Texas,US,https://www.google.com/maps/search/?api=1&query=JOLA%20Dallas&query_place_id=ChIJubCU_vafToYR5dBdvgKeEQs,5,39,0,
https://summerhousedallas.com,Summer House Aesthetics,(214) 307-1877,Dallas,Texas,US,https://www.google.com/maps/search/?api=1&query=Summer%20House%20Aesthetics&query_place_id=ChIJWRvuHeOfToYRPo7kmOZaZKY,5,14,0,
https://thefacialist.com,THÉ FACIALIST: DALLAS,(469) 436-5221,Dallas,Texas,US,https://www.google.com/maps/search/?api=1&query=TH%C3%89%20FACIALIST%3A%20DALLAS&query_place_id=ChIJg9pxQjGfToYRisZ3abYogUI,5,21,0,
https://taylordwellnessaesthetics.com,Taylor'd Wellness & Aesthetics,(972) 799-3444,Dallas,Texas,US,https://www.google.com/maps/search/?api=1&query=Taylor'd%20Wellness%20%26%20Aesthetics&query_place_id=ChIJr-6mmtchTIYR08LVt6BJCnw,4.5,16,0,
https://preservationbeautyclinic.com,Preservation Beauty,(469) 949-4047,Dallas,Texas,US,https://www.google.com/maps/search/?api=1&query=Preservation%20Beauty&query_place_id=ChIJ3V1BFm6fToYR-SNWWa1Vl54,5,102,0,
https://faceitdermalab.com,Face It Dermalab,(469) 333-0089,Dallas,Texas,US,https://www.google.com/maps/search/?api=1&query=Face%20It%20Dermalab&query_place_id=ChIJl5b4ydGfToYRukzAN_5c3Dc,5,12,0,
https://aesteemaesthetics.com,Aesteem Aesthetics,(945) 319-6690,Dallas,Texas,US,https://www.google.com/maps/search/?api=1&query=Aesteem%20Aesthetics&query_place_id=ChIJc3LePqqfToYRi0-ymVcKBpM,4.9,123,0,
https://bareface-beauty.com,Bareface-Beauty Medspa,(214) 534-9917,Dallas,Texas,US,https://www.google.com/maps/search/?api=1&query=Bareface-Beauty%20Medspa&query_place_id=ChIJG8EQKKWZToYRvMZHWKAVH4k,5,15,0,
https://equanimity.today,Equanimity Wellness Studio,(214) 238-6896,Dallas,Texas,US,https://www.google.com/maps/search/?api=1&query=Equanimity%20Wellness%20Studio&query_place_id=ChIJK2ClJqchTIYRfJxT58MZ1G8,4.9,201,0,
https://drazouz.com,Azouz Plastic & Cosmetic Surgery,(972) 702-8888,Dallas,TX,US,https://www.google.com/maps/search/?api=1&query=Azouz%20Plastic%20%26%20Cosmetic%20Surgery&query_place_id=ChIJw5I1L20gTIYROIFhin30kUo,4.6,231,0,
https://medspaklp.com,KLP Medspa,(682) 401-3298,Dallas,Texas,US,https://www.google.com/maps/search/?api=1&query=KLP%20Medspa&query_place_id=ChIJNWkWXeohTIYRMgq5lpKGlEo,5,14,0,
https://peakbeautyclinic.com,Peak Beauty Clinic,(469) 436-6077,Dallas,Texas,US,https://www.google.com/maps/search/?api=1&query=Peak%20Beauty%20Clinic&query_place_id=ChIJSblpaOufToYRd4mpHdI-hVY,5,152,0,
https://enlightenmd.com,enlightenmd,(214) 964-0860,Dallas,Texas,US,https://www.google.com/maps/search/?api=1&query=enlightenmd&query_place_id=ChIJw5I1L20gTIYRMtWDbEQ6drM,4.7,131,0,
https://1111societyaesthetics.com,11:11 Society Aesthetics,(469) 774-6924,Dallas,Texas,US,https://www.google.com/maps/search/?api=1&query=11%3A11%20Society%20Aesthetics&query_place_id=ChIJGfQRd3WZToYRRs4n2b-zBuU,4.9,80,0,
https://sanctumwell.com,Sanctum Med + Wellness,(214) 729-6299,Dallas,Texas,US,https://www.google.com/maps/search/?api=1&query=Sanctum%20Med%20%2B%20Wellness&query_place_id=ChIJ7zRj9mefToYRKXLw3X9dFm0,4.9,79,0,
https://allureaestheticstexas.com,Allure Aesthetics,(469) 955-0446,Dallas,Texas,US,https://www.google.com/maps/search/?api=1&query=Allure%20Aesthetics&query_place_id=ChIJb_PexDqfToYRTpGbDgzpeTY,5,23,0,
https://atkinsonaesthetics.com,Atkinson Aesthetics,(972) 645-2858,Dallas,Texas,US,https://www.google.com/maps/search/?api=1&query=Atkinson%20Aesthetics&query_place_id=ChIJGzNlkdahToYRieBFMdNzWxA,4.9,109,0,
https://smilemedspa360.com,Smile & Aesthetics 360,(469) 373-1053,Dallas,Texas,US,https://www.google.com/maps/search/?api=1&query=Smile%20%26%20Aesthetics%20360&query_place_id=ChIJ6b57OykfTIYRroEUO1xQ6R4,5,12,0,
https://skyn32studio.com,Skyn 32 Aesthetics Studio,(469) 389-0803,Dallas,Texas,US,https://www.google.com/maps/search/?api=1&query=Skyn%2032%20Aesthetics%20Studio&query_place_id=ChIJU2oABmKfToYRZiP8uqaykTI,5,30,0,
https://epicentreskincare.com,EpiCentre Skin Care & Laser Center,(214) 887-1577,Dallas,Texas,US,https://www.google.com/maps/search/?api=1&query=EpiCentre%20Skin%20Care%20%26%20Laser%20Center&query_place_id=ChIJb6Fo5L-fToYRzzut-aMAHGk,4.8,111,0,
https://marasmedspa.com,Mara's Med Spa,(214) 373-9500,Dallas,Texas,US,https://www.google.com/maps/search/?api=1&query=Mara's%20Med%20Spa&query_place_id=ChIJGS5SzwKZToYRdivkzQL29i8,4.8,164,0,
https://advancedskinfitness.com,Advanced Skin Fitness Medical Spa and CoolSculpting Center,(214) 521-5277,Dallas,Texas,US,https://www.google.com/maps/search/?api=1&query=Advanced%20Skin%20Fitness%20Medical%20Spa%20and%20CoolSculpting%20Center&query_place_id=ChIJ01Ky7MueToYRVnqu1JRwmFM,4.5,86,0,
https://dallas.wellabsplus.com,Well Labs+ Medspa Dallas,(214) 238-2251,Dallas,Texas,US,https://www.google.com/maps/search/?api=1&query=Well%20Labs%2B%20Medspa%20Dallas&query_place_id=ChIJjxoGJHyeToYR6Yq2dQEElwI,4.9,358,0,
https://sanjivamedspa.com,Sanjiva Medical Spa,(469) 336-6769,Dallas,Texas,US,https://www.google.com/maps/search/?api=1&query=Sanjiva%20Medical%20Spa&query_place_id=ChIJNRZQOFefToYRoAIyBbPcbXI,5,243,0,
https://dermanimedspa.com,dermani MEDSPA® Preston Hollow,(214) 753-8650,Dallas,Texas,US,https://www.google.com/maps/search/?api=1&query=dermani%20MEDSPA%C2%AE%20Preston%20Hollow&query_place_id=ChIJUzNtjKAhTIYR4lJfyfUomfQ,4.9,473,0,
https://blushnbeautyspa.com,Blush N Beauty Medspa,(972) 803-6967,Dallas,Texas,US,https://www.google.com/maps/search/?api=1&query=Blush%20N%20Beauty%20Medspa&query_place_id=ChIJ_SLUBiifToYR5p9mphAAZnk,4.9,63,0,
https://thedermlounge.com,The Derm Lounge Aesthetics & Longevity,(214) 308-2570,Dallas,Texas,US,https://www.google.com/maps/search/?api=1&query=The%20Derm%20Lounge%20Aesthetics%20%26%20Longevity&query_place_id=ChIJfwQIkSafToYRpl7W7S1nsyw,4.9,108,0,
https://lalumiereesthetiques.com,La Lumiere Esthetique,(214) 529-2640,Dallas,Texas,US,https://www.google.com/maps/search/?api=1&query=La%20Lumiere%20Esthetique&query_place_id=ChIJS2skxpCfToYRrXO7U5Gg6as,5,74,0,
https://revionaesthetics.com,REVION Aesthetics | Performance Wellness,(214) 531-8880,Dallas,Texas,US,https://www.google.com/maps/search/?api=1&query=REVION%20Aesthetics%20%7C%20Performance%20Wellness&query_place_id=ChIJtznly8KfToYRFmWURDmP468,5,38,0,
https://alchemy43.com,Alchemy 43 Dallas-Lakewood,(214) 937-4543,Dallas,Texas,US,https://www.google.com/maps/search/?api=1&query=Alchemy%2043%20Dallas-Lakewood&query_place_id=ChIJ2Y6CJTGfToYRTtU0BzMYPaY,4.9,111,0,
https://mskinmedspa.com,MSkin Med Spa,(469) 318-4019,Dallas,Texas,US,https://www.google.com/maps/search/?api=1&query=MSkin%20Med%20Spa&query_place_id=ChIJIWM883AfTIYRbXXseF661-w,5,53,0,
https://elevatemedicalspa.com,Elevate Medical Spa and Cosmetic Surgery,(214) 696-9193,Dallas,Texas,US,https://www.google.com/maps/search/?api=1&query=Elevate%20Medical%20Spa%20and%20Cosmetic%20Surgery&query_place_id=ChIJYR9gJe6fToYRoGdE0te9O_Y,4.6,18,0,
https://renewbeautymedspa.com,Renew Beauty,(214) 369-1600,Dallas,TX,US,https://www.google.com/maps/search/?api=1&query=Renew%20Beauty&query_place_id=ChIJbyg4-76fToYR7yQNSxt9gY4,4.7,1084,0,
https://evolvemedspadallas.com,Evolve Med Spa,(469) 214-4390,Dallas,Texas,US,https://www.google.com/maps/search/?api=1&query=Evolve%20Med%20Spa&query_place_id=ChIJZ8lZGjefToYRpnndFLN8Yf8,4.8,20,0,
https://dalluremedspa.com,D'Allure Medspa,(214) 442-0011,Dallas,Texas,US,https://www.google.com/maps/search/?api=1&query=D'Allure%20Medspa&query_place_id=ChIJU2iF0tshTIYR77SjFZUlcEw,5,171,0,
https://upkeepmedspa.com,UPKEEP Med Spa,(833) 875-3377,Dallas,Texas,US,https://www.google.com/maps/search/?api=1&query=UPKEEP%20Med%20Spa&query_place_id=ChIJAR_dnRWfToYR5ElZ5LxdzTg,4.9,883,0,
https://cliniquedebelle.com,Clinique de Belle Med Spa,(214) 484-4911,Dallas,Texas,US,https://www.google.com/maps/search/?api=1&query=Clinique%20de%20Belle%20Med%20Spa&query_place_id=ChIJCQmT8p6fToYRs6CFhpIjv9U,5,15,0,
https://fabutopiamedspa.com,Fabutopia Medspa & Aesthetics,(214) 339-5336,Dallas,Texas,US,https://www.google.com/maps/search/?api=1&query=Fabutopia%20Medspa%20%26%20Aesthetics&query_place_id=ChIJ60cAlOibToYR_aSw0Y6O8G8,4.7,39,0,
https://suremedaes.com,SureMED Aesthetics,(972) 619-9652,Dallas,Texas,US,https://www.google.com/maps/search/?api=1&query=SureMED%20Aesthetics&query_place_id=ChIJOzkP0yudToYR7-UxH1rdwFI,5,112,0,
https://assuredskin.com,AssuredSkin,(469) 382-2238,Dallas,Texas,US,https://www.google.com/maps/search/?api=1&query=AssuredSkin&query_place_id=ChIJP3jddxedToYRv6YjKuY6Rc0,5,19,0,
https://elase.com,Elase Medical Spa - Dallas - West Village,(469) 765-3018,Dallas,Texas,US,https://www.google.com/maps/search/?api=1&query=Elase%20Medical%20Spa%20-%20Dallas%20-%20West%20Village&query_place_id=ChIJO5t0L02fToYRwIGupbGvEGs,5,18,0,
https://aviamedicalspa.com,"ĀVIA Medical Spa and Laser Clinic, Dallas",(469) 986-1177,Dallas,Texas,US,https://www.google.com/maps/search/?api=1&query=%C4%80VIA%20Medical%20Spa%20and%20Laser%20Clinic%2C%20Dallas&query_place_id=ChIJ68Vva1SZToYRXh8k8685MZ4,5,1,0,
https://elitemedspaoftexas.com,Elite Med Spa of Texas,(214) 241-4475,Dallas,Texas,US,https://www.google.com/maps/search/?api=1&query=Elite%20Med%20Spa%20of%20Texas&query_place_id=ChIJrxb2gKOfToYRodhEEDLxOW0,4.9,31,0,
https://maifaceskin.com,My Aesthetics Intelligence,(817) 373-5513,Dallas,Texas,US,https://www.google.com/maps/search/?api=1&query=My%20Aesthetics%20Intelligence&query_place_id=ChIJ9eMhLfshTIYRKmUcMXQBc2w,5,297,0,
https://unicornmedspa.com,Unicorn MedSpa,(214) 919-3055,Dallas,Texas,US,https://www.google.com/maps/search/?api=1&query=Unicorn%20MedSpa&query_place_id=ChIJa7NV2NGZToYR1iFNR_gVwS0,4.9,301,0,
https://dripdripconcierge.square.site,Drip Drip Concierge,(469) 649-4319,,,,https://www.google.com/maps/search/?api=1&query=Drip%20Drip%20Concierge&query_place_id=ChIJYR10xG_5cYQRGTN_h0MJ550,5,1,0,
https://allurelasertattooremoval.square.site,Allure Laser Tattoo Removal,(214) 407-1657,Dallas,Texas,US,https://www.google.com/maps/search/?api=1&query=Allure%20Laser%20Tattoo%20Removal&query_place_id=ChIJ80rECLCdToYRv9CVJCAKddk,5,13,0,
https://southwestmindandbody.com,Elevate Wellness Therapeutics,(469) 860-6022,Dallas,Texas,US,https://www.google.com/maps/search/?api=1&query=Elevate%20Wellness%20Therapeutics&query_place_id=ChIJadZiXwWdToYRgBPv0WDjVBY,5,10,0,
https://sageandskinaesthetics.com,Sage and Skin Aesthetics,,Dallas,Texas,US,https://www.google.com/maps/search/?api=1&query=Sage%20and%20Skin%20Aesthetics&query_place_id=ChIJG7fAxQCm-UQRCJp5LwPGKpA,5,18,0,
https://pbeautylab.glossgenius.com,Pbeautylab,(469) 456-1627,Dallas,Texas,US,https://www.google.com/maps/search/?api=1&query=Pbeautylab&query_place_id=ChIJv5isXwGdToYROVqM2mEa3ig,4.9,63,0,
https://sculpt-haus.com,Sculpt Haus Medical Spa,(214) 856-2070,Dallas,Texas,US,https://www.google.com/maps/search/?api=1&query=Sculpt%20Haus%20Medical%20Spa&query_place_id=ChIJjYZJBGyZToYRCrK0i0eunqQ,5,9,0,
https://thelabmedspa.com,the L.A.B. med spa Dallas,(817) 251-1000,Dallas,Texas,US,https://www.google.com/maps/search/?api=1&query=the%20L.A.B.%20med%20spa%20Dallas&query_place_id=ChIJ0bxiXQ2ZToYRy4ujD-js68I,5,57,0,
https://bellamedspadfw.com,Bella MedSpa - Dallas MedSpa,(972) 762-4636,Dallas,Texas,US,https://www.google.com/maps/search/?api=1&query=Bella%20MedSpa%20-%20Dallas%20MedSpa&query_place_id=ChIJhXBDi2OZToYReAfRqIZuXdM,4.8,509,0,
https://busiussa.org,Shining Star Medical Massage Spa,(469) 248-5037,Dallas,Texas,US,https://www.google.com/maps/search/?api=1&query=Shining%20Star%20Medical%20Massage%20Spa&query_place_id=ChIJEf-NuQCXToYRnnqfPdBVGiM,5,4,0,
https://ifusiondallas.com,iFusion Wellness & iV Bars,(214) 205-1145,Dallas,Texas,US,https://www.google.com/maps/search/?api=1&query=iFusion%20Wellness%20%26%20iV%20Bars&query_place_id=ChIJ5fFSgjSfToYRCSNrUW4VpO0,4.8,63,0,
https://hairnowelectrolysis.com,Hair & Now Electrolysis,(214) 865-8345,Dallas,Texas,US,https://www.google.com/maps/search/?api=1&query=Hair%20%26%20Now%20Electrolysis&query_place_id=ChIJUzL8HqOZToYRi7uEyJa7Xeg,4.9,34,0,
https://dlux.myaestheticrecord.com,D'Lux MedSpa,,Dallas,Texas,US,https://www.google.com/maps/search/?api=1&query=D'Lux%20MedSpa&query_place_id=ChIJEyS6WU-ZToYRctpobcDeCC8,5,12,0,
https://theshapebarbyann.zoca.com,The Shape Bar By Ann,(972) 849-4447,Dallas,Texas,US,https://www.google.com/maps/search/?api=1&query=The%20Shape%20Bar%20By%20Ann&query_place_id=ChIJxfhES-6ZToYR9tiTk666HuU,5,18,0,
https://provider.june.skin,June Skin - Dallas Training Center,(646) 687-9086,Dallas,Texas,US,https://www.google.com/maps/search/?api=1&query=June%20Skin%20-%20Dallas%20Training%20Center&query_place_id=ChIJVV71UDWZToYR_BrxeTTciu0,5,4,0,
https://lipserviceaesthetics.setmore.com,Lip Service & Aesthetics,(786) 571-9743,Dallas,Texas,US,https://www.google.com/maps/search/?api=1&query=Lip%20Service%20%26%20Aesthetics&query_place_id=ChIJZeCXA6aZToYR1ZfWz22wNqM,5,3,0,
https://skytalegroup.com,Skytale Group,(945) 235-7850,Dallas,Texas,US,https://www.google.com/maps/search/?api=1&query=Skytale%20Group&query_place_id=ChIJPTAwemM9TIYRWLITNqZJ9BQ,4.6,10,0,
https://dallasplasticsurgerymd.com,"Kelling Plastic Surgery - Joseph A. Kelling, M.D.",(214) 827-2531,Dallas,Texas,US,https://www.google.com/maps/search/?api=1&query=Kelling%20Plastic%20Surgery%20-%20Joseph%20A.%20Kelling%2C%20M.D.&query_place_id=ChIJUcvRtguZToYR4NmtoGLTq2A,5,33,0,
https://drliland.com,Dr. Liland - Park Cities Plastic Surgery,(214) 692-6500,Dallas,Texas,US,https://www.google.com/maps/search/?api=1&query=Dr.%20Liland%20-%20Park%20Cities%20Plastic%20Surgery&query_place_id=ChIJheAZo7ieToYRn0RC4eK00zo,4.7,72,0,
https://avalynnskinshop.com,Ava Lynn Skin Shop,(214) 490-9574,Dallas,Texas,US,https://www.google.com/maps/search/?api=1&query=Ava%20Lynn%20Skin%20Shop&query_place_id=ChIJT6a0X_qZToYRBfK355scCEA,5,11,0,
https://eydenspa.com,Eyden Medical Spa,(972) 362-6909,Dallas,Texas,US,https://www.google.com/maps/search/?api=1&query=Eyden%20Medical%20Spa&query_place_id=ChIJV1nr_06ZToYRAssiDEWlAZk,5,1,0,
https://lemmonavenueplasticsurgery.com,Lemmon Avenue Plastic Surgery and Laser Center,(214) 702-0707,Dallas,Texas,US,https://www.google.com/maps/search/?api=1&query=Lemmon%20Avenue%20Plastic%20Surgery%20and%20Laser%20Center&query_place_id=ChIJN_OiSCuZToYRc0N9LjtYaP4,4.9,443,0,
https://dallasmenshealth.com,Dallas Men's Health,(214) 894-1008,Dallas,Texas,US,https://www.google.com/maps/search/?api=1&query=Dallas%20Men's%20Health&query_place_id=ChIJcaQRb9kjTIYRTmgEJNDNrzo,4.9,165,0,
https://cfqst.myaestheticrecord.com,Tejas Beauty Nurse,(469) 949-3585,Dallas,Texas,US,https://www.google.com/maps/search/?api=1&query=Tejas%20Beauty%20Nurse&query_place_id=ChIJbahoGemfToYRKMbuba_C3gQ,5,55,0,
https://hydrateivbar.com,Hydrate IV Bar Mockingbird,(214) 647-1149,Dallas,Texas,US,https://www.google.com/maps/search/?api=1&query=Hydrate%20IV%20Bar%20Mockingbird&query_place_id=ChIJ_02SMnSfToYRo3DOC8rJJnY,4.9,463,0,
https://vitalyc.com,Vitalyc Medspa | Oak Lawn,(469) 772-8716,Dallas,Texas,US,https://www.google.com/maps/search/?api=1&query=Vitalyc%20Medspa%20%7C%20Oak%20Lawn&query_place_id=ChIJ8wpps-CfToYR2DPEKzlIkAQ,5,28,0,
https://skinmedstudio.com,SkinMed Studio,(214) 579-9292,Dallas,Texas,US,https://www.google.com/maps/search/?api=1&query=SkinMed%20Studio&query_place_id=ChIJAQCwsM-eToYR72xApgJYg7Q,4.9,53,0,
https://officiallyoutofoffice.com,Out of Office Aesthetic Medicine,(469) 709-8022,Dallas,Texas,US,https://www.google.com/maps/search/?api=1&query=Out%20of%20Office%20Aesthetic%20Medicine&query_place_id=ChIJX04Cp9KZToYR8N3mRWlXk7M,5,18,0,
https://thebrowproject.com,The Brow Project,(945) 221-6806,Dallas,Texas,US,https://www.google.com/maps/search/?api=1&query=The%20Brow%20Project&query_place_id=ChIJa_k-9_ShToYRu7GmwIQSJg8,5,543,0,
https://agelessdallas.com,Ultimate Aesthetics LLC,(972) 850-6771,Dallas,Texas,US,https://www.google.com/maps/search/?api=1&query=Ultimate%20Aesthetics%20LLC&query_place_id=ChIJmUTN6aaZToYRo_A3womH3_w,5,1,0,
https://denovomg.com,deNovo Health and Aesthetics,(214) 219-4100,Dallas,Texas,US,https://www.google.com/maps/search/?api=1&query=deNovo%20Health%20and%20Aesthetics&query_place_id=ChIJ-dDtm8qeToYRzBlSPi91XMg,4.9,339,0,
https://higherlevelskinbeauty.com,Higher Level Skin & Beauty,(469) 779-8236,Dallas,Texas,US,https://www.google.com/maps/search/?api=1&query=Higher%20Level%20Skin%20%26%20Beauty&query_place_id=ChIJC2RVpPmZToYRJstfbS_9rtg,5,89,0,
https://olysismedspa.com,Olysis Med Spa,(682) 593-1442,Dallas,Texas,US,https://www.google.com/maps/search/?api=1&query=Olysis%20Med%20Spa&query_place_id=ChIJ-8T7CZktTIYRunmipiAOZeI,4.9,160,0,
https://alchemyfacebar.com,Alchemy Face Bar Lower Greenville | Dallas,(972) 803-6044,Dallas,Texas,US,https://www.google.com/maps/search/?api=1&query=Alchemy%20Face%20Bar%20Lower%20Greenville%20%7C%20Dallas&query_place_id=ChIJcTofFd-fToYRiVRFjFOMR9U,5,173,0,
https://laserbarandaesthetics.com,Laser Bar Medspa,(469) 396-8514,Dallas,Texas,US,https://www.google.com/maps/search/?api=1&query=Laser%20Bar%20Medspa&query_place_id=ChIJl24puqabToYRb0znVZ8xETA,5,45,0,
https://skinthought.com,Skin Thought by Laurie,(214) 225-9189,Dallas,Texas,US,https://www.google.com/maps/search/?api=1&query=Skin%20Thought%20by%20Laurie&query_place_id=ChIJS_9xo2-fToYR5wEpXgSBEDk,5,8,0,
https://lakewoodbeautyclinic.com,Lakewood Beauty Clinic,(214) 317-5972,Dallas,Texas,US,https://www.google.com/maps/search/?api=1&query=Lakewood%20Beauty%20Clinic&query_place_id=ChIJ_6ztjk-fToYR7fYjOBBEN9U,5,27,0,
https://sleek-aesthetics.com,Sleek Aesthetics Medspa,(469) 809-1991,Dallas,Texas,US,https://www.google.com/maps/search/?api=1&query=Sleek%20Aesthetics%20Medspa&query_place_id=ChIJAZQDiPohTIYRSXG0UudtS00,5,71,0,
https://enlivenyouaesthetics.com,Enliven You Aesthetics and Wellness,(469) 907-8292,Dallas,Texas,US,https://www.google.com/maps/search/?api=1&query=Enliven%20You%20Aesthetics%20and%20Wellness&query_place_id=ChIJQ-_QHSwhTIYREpClJaDpQA4,5,73,0,
https://starrejuvenation.com,Star Rejuvenation & Wellness Center,(469) 391-0569,Addison,Texas,US,https://www.google.com/maps/search/?api=1&query=Star%20Rejuvenation%20%26%20Wellness%20Center&query_place_id=ChIJ3ej7Zgc9TIYR44wDttAtFuM,5,227,0,
https://180wellness.clinic,180 Wellness,(469) 343-4202,Dallas,Texas,US,https://www.google.com/maps/search/?api=1&query=180%20Wellness&query_place_id=ChIJDeqfFCIhTIYRjGrc-skbBNY,5,113,0,
https://fancycurvesnmore.com,Fancy Curves N' More,(469) 305-1663,Dallas,Texas,US,https://www.google.com/maps/search/?api=1&query=Fancy%20Curves%20N'%20More&query_place_id=ChIJb5lTxdvnv4cRe280kI98XPg,5,60,0,
https://rosarodriguesesthetics.com,Rosa Rodrigues Med Spa,(972) 898-8751,Dallas,Texas,US,https://www.google.com/maps/search/?api=1&query=Rosa%20Rodrigues%20Med%20Spa&query_place_id=ChIJh6-CA44hTIYRNlJHNnzSQtI,5,31,0,
https://ecmedtoyou.com,Empire Med Spa & Concierge Medicine,(469) 613-6488,Dallas,Texas,US,https://www.google.com/maps/search/?api=1&query=Empire%20Med%20Spa%20%26%20Concierge%20Medicine&query_place_id=ChIJj0tzJ5IhTIYRYktN5bqts0U,5,18,0,
https://lymphaticexpress.com,Lymphatic Express,(972) 685-4130,Dallas,Texas,US,https://www.google.com/maps/search/?api=1&query=Lymphatic%20Express&query_place_id=ChIJAbcXPb0fTIYR7erchOfy79Y,4.8,187,0,
https://bblissfulaesthetics.org,B Blissful Aesthetics,(803) 415-4955,Dallas,Texas,US,https://www.google.com/maps/search/?api=1&query=B%20Blissful%20Aesthetics&query_place_id=ChIJ3--6e79g5wcRKwKOUFJSSOU,5,90,0,
https://reversemedbar.com,Reverse Med Bar,(972) 280-7997,Dallas,Texas,US,https://www.google.com/maps/search/?api=1&query=Reverse%20Med%20Bar&query_place_id=ChIJmc7wdNYjTIYRSqVic8glJ-c,5,17,0,
https://kalologie.com,Kalologie | Club Studio | Dallas,(214) 550-7228,Dallas,Texas,US,https://www.google.com/maps/search/?api=1&query=Kalologie%20%7C%20Club%20Studio%20%7C%20Dallas&query_place_id=ChIJ0XZiph4hTIYRahvZG9CK4FM,5,10,0,
https://mywellnessden.com,The Wellness Den,(972) 750-4902,Dallas,Texas,US,https://www.google.com/maps/search/?api=1&query=The%20Wellness%20Den&query_place_id=ChIJf0W6ovIhTIYRS6rZjTa85eg,5,45,0,
https://dee-beauty.com,Deelightfully Beautiful Aesthetics,(469) 269-6770,Dallas,Texas,US,https://www.google.com/maps/search/?api=1&query=Deelightfully%20Beautiful%20Aesthetics&query_place_id=ChIJPcIysS09TIYR9HVcoMIbHuw,5,29,0,
https://mdaestheticsdfw.com,MD Aesthetics,(214) 998-0213,Dallas,Texas,US,https://www.google.com/maps/search/?api=1&query=MD%20Aesthetics&query_place_id=ChIJpdZzTNkhTIYRJ4lhAKcUF5c,5,16,0,
https://urbanmedicalaesthetics.square.site,Urban Medical Aesthetics,(214) 412-7470,Dallas,Texas,US,https://www.google.com/maps/search/?api=1&query=Urban%20Medical%20Aesthetics&query_place_id=ChIJvWB10vchTIYRG0CVbTLUVYc,5,3,0,
https://revatamedspa.com,Revata Medspa and Laser Center,(972) 707-8128,Dallas,Texas,US,https://www.google.com/maps/search/?api=1&query=Revata%20Medspa%20and%20Laser%20Center&query_place_id=ChIJ88j7AichTIYRcXa00gWIyIk,4.9,34,0,
https://omdesignacademy.com,LISA OM Dallas Studio & Academy,(214) 940-0090,Dallas,Texas,US,https://www.google.com/maps/search/?api=1&query=LISA%20OM%20Dallas%20Studio%20%26%20Academy&query_place_id=ChIJZ3i-k94gTIYRcoxrMlDvA3A,4.8,190,0,
https://polka-aesthetics.com,Polka Aesthetics,(945) 200-1710,Dallas,Texas,US,https://www.google.com/maps/search/?api=1&query=Polka%20Aesthetics&query_place_id=ChIJGZ2CpNkjTIYRUPPxe6C_nnc,5,24,0,
https://bodyhairgone.com,Body Hair Gone,(214) 770-8059,Dallas,Texas,US,https://www.google.com/maps/search/?api=1&query=Body%20Hair%20Gone&query_place_id=ChIJ4R5pb9EmTIYRvoKQjgant9o,4.8,44,0,
https://peaklife.health,Peak Life Health,(469) 630-8733,Dallas,Texas,US,https://www.google.com/maps/search/?api=1&query=Peak%20Life%20Health&query_place_id=ChIJmSUaj3ClToYR3FoHXn74KBI,5,13,0,
https://ewbwell.com,Eudaimonia Wellness & Beauty,(945) 265-7963,Dallas,Texas,US,https://www.google.com/maps/search/?api=1&query=Eudaimonia%20Wellness%20%26%20Beauty&query_place_id=ChIJJUml6JwhTIYRhtDxGzuTl-s,5,24,0,
https://jewellaesthetics.com,Jewell Aesthetics,(903) 644-1407,Dallas,Texas,US,https://www.google.com/maps/search/?api=1&query=Jewell%20Aesthetics&query_place_id=ChIJR7_XdLBmNK8RFoXY666EQbo,5,121,0,
https://spa-wise.com,Spawise Medspa,(817) 219-7379,Dallas,Texas,US,https://www.google.com/maps/search/?api=1&query=Spawise%20Medspa&query_place_id=ChIJN8oveBYjToYRQd0Mds4pJoU,5,28,0,
https://penthouseskinlab.com,Penthouse Skin Lab,(469) 573-2076,Dallas,Texas,US,https://www.google.com/maps/search/?api=1&query=Penthouse%20Skin%20Lab&query_place_id=ChIJoYhhODonTIYRUoVB94w9VD4,5,30,0,
https://andreasmedspa.com,Andrea's Med Spa,(254) 263-3772,Dallas,TX,US,https://www.google.com/maps/search/?api=1&query=Andrea's%20Med%20Spa&query_place_id=ChIJ03igo84hTIYRebtolJmNTJ8,5,34,0,
https://luxeskincare.com,Luxe Skin Care,(214) 960-6686,Dallas,Texas,US,https://www.google.com/maps/search/?api=1&query=Luxe%20Skin%20Care&query_place_id=ChIJGSxAjt4gTIYRBrPuRdUVUzs,5,37,0,
https://advancedfacialplastic.com,Advanced Facial Plastic Surgery Center: Dr. Bassichis,(972) 774-1777,Dallas,Texas,US,https://www.google.com/maps/search/?api=1&query=Advanced%20Facial%20Plastic%20Surgery%20Center%3A%20Dr.%20Bassichis&query_place_id=ChIJ_4KYjRohTIYR_T5tBPLXfxs,4.5,145,0,
https://nmskincarebeauty.wixsite.com,NM SkinCare Beauty at Mattison Avenue Salon Suites & Spa,(945) 300-7584,Dallas,Texas,US,https://www.google.com/maps/search/?api=1&query=NM%20SkinCare%20Beauty%20at%20Mattison%20Avenue%20Salon%20Suites%20%26%20Spa&query_place_id=ChIJB3bRQCspTIYRlBl1RWkN_s4,5,11,0,
https://lilymedspa.com,Lily Aesthetics & Wellness,(972) 503-5459,Dallas,Texas,US,https://www.google.com/maps/search/?api=1&query=Lily%20Aesthetics%20%26%20Wellness&query_place_id=ChIJx9w0IBAhTIYRINvY5qzWl68,4.8,162,0,
https://modernmedicalspa.com,Modern Medical Spa,(972) 331-7727,Dallas,Texas,US,https://www.google.com/maps/search/?api=1&query=Modern%20Medical%20Spa&query_place_id=ChIJF_RQA0whTIYR_TmA6mrTZ2w,4.9,109,0,
https://revivesence.com,Revivesence Beauty and Wellness,(214) 702-2363,Dallas,Texas,US,https://www.google.com/maps/search/?api=1&query=Revivesence%20Beauty%20and%20Wellness&query_place_id=ChIJhXd4IVUhTIYRTmAuJXrT4zg,5,31,0,
https://oneseventymedspa.com,One Seventy Med Spa,(469) 755-4235,Dallas,Texas,US,https://www.google.com/maps/search/?api=1&query=One%20Seventy%20Med%20Spa&query_place_id=ChIJs3xVy6IhTIYR_3u0XsDu8Ds,4.9,109,0,
https://greenlotusspa.com,GreenLotus Spa + Med Spa,(214) 782-9888,Dallas,Texas,US,https://www.google.com/maps/search/?api=1&query=GreenLotus%20Spa%20%2B%20Med%20Spa&query_place_id=ChIJWYGRQgCfToYR8WjShq9XSTM,5,451,0,
https://skynlabdallas.com,Skyn Lab Med Spa,(469) 620-1800,Dallas,Texas,US,https://www.google.com/maps/search/?api=1&query=Skyn%20Lab%20Med%20Spa&query_place_id=ChIJVb_nJH8hTIYRlEMAg62u2uw,5,115,0,
https://sabiskinspa.com,Sabi Skin,(972) 808-6867,Dallas,Texas,US,https://www.google.com/maps/search/?api=1&query=Sabi%20Skin&query_place_id=ChIJce8kcv8hTIYRb3fa2dHjmdc,5,7,0,
https://axiommedicalspa.com,Axiom Medical Spa,(469) 786-0271,Dallas,Texas,US,https://www.google.com/maps/search/?api=1&query=Axiom%20Medical%20Spa&query_place_id=ChIJd7XsIugjTIYRG4UncX15TRo,4.9,123,0,
https://rejuvemedspa.com,Rejuve Med Spa,(972) 265-1590,Dallas,Texas,US,https://www.google.com/maps/search/?api=1&query=Rejuve%20Med%20Spa&query_place_id=ChIJrTEvDMwjTIYRD16bpXaOzH8,4.8,301,0,
https://vitaldallas.com,Vital Aesthetics,(972) 985-5511,Dallas,Texas,US,https://www.google.com/maps/search/?api=1&query=Vital%20Aesthetics&query_place_id=ChIJUyziW_UiTIYRG0eKVdaC1o4,4.9,65,0,
https://skinspamed.com,SkinSpaMED,(972) 392-3895,Dallas,Texas,US,https://www.google.com/maps/search/?api=1&query=SkinSpaMED&query_place_id=ChIJw2ZFgt4gTIYRESSpN1nY-2I,4.9,421,0,
https://snatcheddallas.com,Snatched Dallas,(469) 471-8418,Dallas,Texas,US,https://www.google.com/maps/search/?api=1&query=Snatched%20Dallas&query_place_id=ChIJt0f8td0lTIYRC_QQdlUYdtk,4.6,82,0,
https://labellaesthetics.net,La Bella Esthetics & Wellness,(214) 869-7824,Dallas,Texas,US,https://www.google.com/maps/search/?api=1&query=La%20Bella%20Esthetics%20%26%20Wellness&query_place_id=ChIJzYmqwJOfToYR-geHt6yQJp0,5,7,0,
https://oasismedspaandlasercenter.com,Oasis Med Spa & Laser Center,(972) 250-9999,Dallas,Texas,US,https://www.google.com/maps/search/?api=1&query=Oasis%20Med%20Spa%20%26%20Laser%20Center&query_place_id=ChIJgzeH6vYjTIYRP1Rbk8L1aQY,4.6,209,0,
https://47aesthetics.com,47 Aesthetics,(214) 449-0206,Dallas,Texas,US,https://www.google.com/maps/search/?api=1&query=47%20Aesthetics&query_place_id=ChIJZem5G-YhTIYRoHhTQG8ONbA,5,29,0,
https://vansanity.com,Vansanity,(877) 826-7264,Dallas,Texas,US,https://www.google.com/maps/search/?api=1&query=Vansanity&query_place_id=ChIJf3AhlTefToYRPIYGbPW-8qM,5,1,0,
https://cantaesthetics.com,Face Aesthetics and Hydration Lounge,,Dallas,Texas,US,https://www.google.com/maps/search/?api=1&query=Face%20Aesthetics%20and%20Hydration%20Lounge&query_place_id=ChIJ2dbwpzmfToYRgKuit47kwjQ,4.9,17,0,
https://justinjected.com,Just Injected,(469) 317-0555,Dallas,Texas,US,https://www.google.com/maps/search/?api=1&query=Just%20Injected&query_place_id=ChIJ3fCwLo2dToYRSoT13-xuLUM,5,202,0,
https://warthanamirderm.com,Warthan Amir Dermatology,(214) 760-3007,Dallas,Texas,US,https://www.google.com/maps/search/?api=1&query=Warthan%20Amir%20Dermatology&query_place_id=ChIJg_rM3L4hTIYR015l0t7lve4,5,131,0,
https://nbfaesthetics.com,New Beginnings Family Aesthetics,(469) 568-6880,Dallas,Texas,US,https://www.google.com/maps/search/?api=1&query=New%20Beginnings%20Family%20Aesthetics&query_place_id=ChIJA79X18yfToYRMi2JGS3tEnY,5,5,0,
https://flawlessskinistry.com,Flawless Skinistry Aesthetics,(972) 729-9405,Dallas,Texas,US,https://www.google.com/maps/search/?api=1&query=Flawless%20Skinistry%20Aesthetics&query_place_id=ChIJHzwRfewZN60RjLSOLbqoXvA,5,11,0,
https://syringeaesthetics.myaestheticrecord.com,Lumi at Syringe Aesthetics,(682) 600-7333,Dallas,Texas,US,https://www.google.com/maps/search/?api=1&query=Lumi%20at%20Syringe%20Aesthetics&query_place_id=ChIJD7k8lUmhToYR541GuaE1OWI,5,3,0,
https://rebekahnoelaesthetics.com,"Rebekah Noël, RN Aesthetics & Wellness",(469) 972-8603,Dallas,Texas,US,https://www.google.com/maps/search/?api=1&query=Rebekah%20No%C3%ABl%2C%20RN%20Aesthetics%20%26%20Wellness&query_place_id=ChIJfcJojGts3mIRa2NmZQqe7z8,5,9,0,
https://respadallas.com,ReSpa Dallas,(214) 304-2039,Dallas,Texas,US,https://www.google.com/maps/search/?api=1&query=ReSpa%20Dallas&query_place_id=ChIJ_-jKaSOfToYR0UcSOnpUpZ8,5,13,0,
https://theskinbungalow.com,The Skin Bungalow,(469) 412-9553,Dallas,Texas,US,https://www.google.com/maps/search/?api=1&query=The%20Skin%20Bungalow&query_place_id=ChIJ5V3SNUyhToYRdElfG-SkWFs,5,35,0,
https://skinfinitydallas.com,Skinfinity,(469) 735-0806,Dallas,Texas,US,https://www.google.com/maps/search/?api=1&query=Skinfinity&query_place_id=ChIJKULuVjGZToYRWn11sun-ysU,4.7,45,0,
https://biomagnetismodallas.com,Biomagnetismo Dallas,(214) 809-2639,Dallas,Texas,US,https://www.google.com/maps/search/?api=1&query=Biomagnetismo%20Dallas&query_place_id=ChIJe91OML0mTIYR1XiXK87kIyY,5,4,0,
https://tuxedoclub.com,Tuxedo Club,(469) 777-1350,Dallas,Texas,US,https://www.google.com/maps/search/?api=1&query=Tuxedo%20Club&query_place_id=ChIJnScy7D6ZToYR4O8fsqlYPuw,5,110,0,
https://riverafamilymedicine.com,Clinica Rivera Family Medicine & hispana/familiar,(972) 685-3089,Dallas,Texas,US,https://www.google.com/maps/search/?api=1&query=Clinica%20Rivera%20Family%20Medicine%20%26%20hispana%2Ffamiliar&query_place_id=ChIJGxQ6sOWhToYRNdZWK8VeGiE,4.8,99,0,
https://lovemybliss.com,MyBliss Wellness,(512) 466-2916,Dallas,Texas,US,https://www.google.com/maps/search/?api=1&query=MyBliss%20Wellness&query_place_id=ChIJi6RfzyPvToYRFa36k14875E,5,37,0,
https://maisonsorellemedspa.com,Maison Sorelle Medspa at Bishop Arts,(469) 309-9195,,,,https://www.google.com/maps/search/?api=1&query=Maison%20Sorelle%20Medspa%20at%20Bishop%20Arts&query_place_id=ChIJWRvex7SZToYRwjFM2lClRoY,5,21,0,
https://morphhaus.janeapp.com,Morph Haus,(214) 233-6755,Dallas,Texas,US,https://www.google.com/maps/search/?api=1&query=Morph%20Haus&query_place_id=ChIJE08lQlqdToYRsEvEryXNK0Q,4.9,56,0,
https://atelier-aesthetics.com,Atelier Aesthetics,(727) 744-3698,Dallas,Texas,US,https://www.google.com/maps/search/?api=1&query=Atelier%20Aesthetics&query_place_id=ChIJKybtmA0hTIYRlugg3Uy50pc,5,18,0,
https://drcharleswallace.com,Reflections Medical Spa,(972) 380-7007,Dallas,Texas,US,https://www.google.com/maps/search/?api=1&query=Reflections%20Medical%20Spa&query_place_id=ChIJg8KwlXkhTIYRVfKSNRz2-N4,5,29,0,
https://resilientskinlab.com,Resilient Skin Lab,(682) 270-3553,Dallas,Texas,US,https://www.google.com/maps/search/?api=1&query=Resilient%20Skin%20Lab&query_place_id=ChIJc4BSg3OZToYRylqbg941kaA,5,6,0,
https://vendettaaesthetics.com,VENDETTA AESTHETICS,(469) 644-3462,Dallas,Texas,US,https://www.google.com/maps/search/?api=1&query=VENDETTA%20AESTHETICS&query_place_id=ChIJJ1OIbvglTIYRS64s4o0HSa0,5,39,0,
https://liviskinstudio.com,LiVi Skin Studio,(469) 940-5750,Dallas,Texas,US,https://www.google.com/maps/search/?api=1&query=LiVi%20Skin%20Studio&query_place_id=ChIJuU5KAtchTIYRhwbPfbmVn5g,5,2,0,
https://houseofpreservation.com,house of preservation,(469) 571-3740,Dallas,Texas,US,https://www.google.com/maps/search/?api=1&query=house%20of%20preservation&query_place_id=ChIJx9v298OfToYRURwq5vBldwM,4.9,125,0,
https://resolumethod.com,Résolu Method,(214) 466-8515,Dallas,Texas,US,https://www.google.com/maps/search/?api=1&query=R%C3%A9solu%20Method&query_place_id=ChIJR5QSfU-fToYRFBwcF-X7XHU,5,66,0,
https://naturahealthcollective.com,Natura Holistic Beauty Collective,(972) 670-7650,Dallas,Texas,US,https://www.google.com/maps/search/?api=1&query=Natura%20Holistic%20Beauty%20Collective&query_place_id=ChIJfyVn2r4hTIYR7-A_CH6Kj-Q,5,4,0,
https://damesanddukes.com,Dames & Dukes,(312) 560-0187,Dallas,Texas,US,https://www.google.com/maps/search/?api=1&query=Dames%20%26%20Dukes&query_place_id=ChIJK0k0SdefToYRfkbScfrdFIw,5,2,0,
https://katytrailcryo.com,Katy Trail Cryo,(214) 758-0050,Dallas,Texas,US,https://www.google.com/maps/search/?api=1&query=Katy%20Trail%20Cryo&query_place_id=ChIJWxrKyCCfToYRRbmFstvEs34,5,45,0,
https://lindora.com,Lindora Preston Forest,(214) 242-9550,Dallas,Texas,US,https://www.google.com/maps/search/?api=1&query=Lindora%20Preston%20Forest&query_place_id=ChIJBRZf7HEhTIYRRU8S2lLPuzU,5,23,0,
https://glazedaesthetic.com,Glazed Aesthetic,,Dallas,Texas,US,https://www.google.com/maps/search/?api=1&query=Glazed%20Aesthetic&query_place_id=ChIJx8dV0XU54goRb3hpSkVV9DE,5,3,0,
https://rejuvenectics.glossgenius.com,Rejuvenectics,(206) 330-7516,Dallas,Texas,US,https://www.google.com/maps/search/?api=1&query=Rejuvenectics&query_place_id=ChIJu6RhMQSfToYRqEzHud73eJ4,5,4,0,
https://book.heygoldie.com,BellaGlow Aesthetics,(945) 306-6422,,,,https://www.google.com/maps/search/?api=1&query=BellaGlow%20Aesthetics&query_place_id=ChIJC3lvRiqSqm4R82Z6IsU5aaI,5,4,0,
https://clearacne.com,CLEAR Acne Treatment Centers,(469) 804-8075,Dallas,Texas,US,https://www.google.com/maps/search/?api=1&query=CLEAR%20Acne%20Treatment%20Centers&query_place_id=ChIJ-_8DsvYhTIYRb8MvKAaetM0,4.9,89,0,
https://dluxemed.com,D’LUXE AESTHETICS,(214) 247-6385,Dallas,Texas,US,https://www.google.com/maps/search/?api=1&query=D%E2%80%99LUXE%20AESTHETICS&query_place_id=ChIJrUOj1gcjTIYRJ_lZHPeKiXQ,5,9,0,
https://denovohealthdallas.com,deNovo Health & Aesthetics (North Dallas),(214) 219-4000,Dallas,Texas,US,https://www.google.com/maps/search/?api=1&query=deNovo%20Health%20%26%20Aesthetics%20(North%20Dallas)&query_place_id=ChIJe31QSLEjTIYRd_LtcS6hBGw,5,58,0,
https://drnewman.com,Plaza Vision Center,(214) 969-0467,Dallas,Texas,US,https://www.google.com/maps/search/?api=1&query=Plaza%20Vision%20Center&query_place_id=ChIJY9oGICGZToYRCpaine2dg6Q,4.9,277,0,
https://injectedartistryaesthetics.janeapp.com,Injected Artistry Aesthetics,,Dallas,Texas,US,https://www.google.com/maps/search/?api=1&query=Injected%20Artistry%20Aesthetics&query_place_id=ChIJR-gqk_ghTIYRc5XQO7kEwBA,5,5,0,
https://theskincareprofessionals.com,The Skin Care Professionals,(214) 389-9797,Dallas,Texas,US,https://www.google.com/maps/search/?api=1&query=The%20Skin%20Care%20Professionals&query_place_id=ChIJ__8_IsCfToYRTlWwx5blnQY,5,5,0,
https://keepingitrealwithangela.com,Keep It Real,(817) 313-8428,Dallas,Texas,US,https://www.google.com/maps/search/?api=1&query=Keep%20It%20Real&query_place_id=ChIJTcXz2FkhTIYR9ULHid50OQc,5,5,0,
https://smooth-touch.chrone.work,Smooth Touch,(214) 607-7192,Dallas,Texas,US,https://www.google.com/maps/search/?api=1&query=Smooth%20Touch&query_place_id=ChIJreFPxvYgTIYRs3y5HPrh3sc,5,4,0,
https://agewelldallas.com,Dallas Regenerative & Anti-Aging,(214) 444-9767,Dallas,Texas,US,https://www.google.com/maps/search/?api=1&query=Dallas%20Regenerative%20%26%20Anti-Aging&query_place_id=ChIJMRMhW1IhTIYRxPwJ4GZqJfE,5,18,0,
https://genesislifestylemedicine.com,Genesis Lifestyle Medicine,(469) 343-0256,Dallas,Texas,US,https://www.google.com/maps/search/?api=1&query=Genesis%20Lifestyle%20Medicine&query_place_id=ChIJ-75vv2WfToYR7QKo09CEgNo,4.8,208,0,
https://laurastelknp.com,"Laura Stelk, DNP, APRN, FNP-C",(214) 515-0002,Dallas,Texas,US,https://www.google.com/maps/search/?api=1&query=Laura%20Stelk%2C%20DNP%2C%20APRN%2C%20FNP-C&query_place_id=ChIJTbpzuMyfToYRLT-WX9O7bgo,5,38,0,
https://derma-aesthetic.com,Derma-Aesthetic & Laser Center,(214) 755-0958,Dallas,Texas,US,https://www.google.com/maps/search/?api=1&query=Derma-Aesthetic%20%26%20Laser%20Center&query_place_id=ChIJG2TAVrAlTIYRgyPbJ_Nmq1g,4.8,23,0,
https://aurawerks.com,AuraWerks,(214) 764-5547,Dallas,Texas,US,https://www.google.com/maps/search/?api=1&query=AuraWerks&query_place_id=ChIJeUC0BRAhTIYRhQCia9SmF_Q,5,35,0,
https://dermaglowesthetics.com,Dermaglow Esthetics,(972) 327-1277,Dallas,Texas,US,https://www.google.com/maps/search/?api=1&query=Dermaglow%20Esthetics&query_place_id=ChIJIWV9TZ4jTIYRTY4xPdbsfbg,5,59,0,
https://bluelotusskincaredallas.com,Blue Lotus SkinCare,(469) 338-1417,Dallas,Texas,US,https://www.google.com/maps/search/?api=1&query=Blue%20Lotus%20SkinCare&query_place_id=ChIJ75l5Ml8gTIYR21UMYy_iT_A,5,5,0,
https://aestheticatelier.com,Aesthetic Atelier Medical Aesthetics & Wellness,(346) 704-0602,Houston,Texas,US,https://www.google.com/maps/search/?api=1&query=Aesthetic%20Atelier%20Medical%20Aesthetics%20%26%20Wellness&query_place_id=ChIJu1U1a2THQIYRP1Jt7PfO4ho,5,73,0,
https://identityaestheticskingwood.com,Identity Aesthetics MedSpa Kingwood,(346) 600-9090,Kingwood,Texas,US,https://www.google.com/maps/search/?api=1&query=Identity%20Aesthetics%20MedSpa%20Kingwood&query_place_id=ChIJhbtidHWzQIYRTDEL64CINeo,5,39,0,
https://houstonmetropolitanmedical.com,Valentin Aesthetics of Houston,(844) 404-5152,Kingwood,Texas,US,https://www.google.com/maps/search/?api=1&query=Valentin%20Aesthetics%20of%20Houston&query_place_id=ChIJJei_Fp9NR4YRHt4uzBXqHS0,5,11,0,
https://houstonaestheticlab.com,Aesthetic Lab,(832) 810-7210,Houston,Texas,US,https://www.google.com/maps/search/?api=1&query=Aesthetic%20Lab&query_place_id=ChIJdTO8ana5QIYRpxLXzGVO_wY,5,13,0,
https://theskingallerymedspa.com,The Skin Gallery Medspa & Salon,(832) 217-8684,Kingwood,Texas,US,https://www.google.com/maps/search/?api=1&query=The%20Skin%20Gallery%20Medspa%20%26%20Salon&query_place_id=ChIJW2Um3KitQIYRvmaVBylR0fo,4.5,16,0,
https://allmyvida.com,Vida Aesthetics and Wellness,(281) 975-0251,Houston,Texas,US,https://www.google.com/maps/search/?api=1&query=Vida%20Aesthetics%20and%20Wellness&query_place_id=ChIJfQvM3xLG7G4R7vYOE10YgTc,5,129,0,
https://skinrevivemedicalaesthetics.com,Skin Revive Medical Aesthetics,(713) 805-2559,Houston,Texas,US,https://www.google.com/maps/search/?api=1&query=Skin%20Revive%20Medical%20Aesthetics&query_place_id=ChIJUe28A-K5QIYRtXklpT8LjRY,5,14,0,
https://thehoustonmedspa.glossgenius.com,Houston Medical Spa,(832) 776-1537,Houston,Texas,US,https://www.google.com/maps/search/?api=1&query=Houston%20Medical%20Spa&query_place_id=ChIJ8yEIUt_HQIYR4u4UpFLJn_Y,4.7,39,0,
https://renovemedicalspa.com,Renove Medical Spa,(832) 644-8338,Kingwood,Texas,US,https://www.google.com/maps/search/?api=1&query=Renove%20Medical%20Spa&query_place_id=ChIJE6m59PKtQIYRdx1TlneLGf0,5,828,0,
https://medispatexas.com,Medi Spa,(281) 852-2000,Kingwood,Texas,US,https://www.google.com/maps/search/?api=1&query=Medi%20Spa&query_place_id=ChIJLV6dX8SyQIYRngw0QFmx6Vg,4.8,49,0,
https://sisuclinic.com,Sisu Clinic Houston,(346) 701-5029,Houston,Texas,US,https://www.google.com/maps/search/?api=1&query=Sisu%20Clinic%20Houston&query_place_id=ChIJmQjKANG_QIYRISoichEUJJ8,4.9,433,0,
https://niaaestheticsmd.com,Nia Aesthetics MD,(210) 595-9324,Houston,Texas,US,https://www.google.com/maps/search/?api=1&query=Nia%20Aesthetics%20MD&query_place_id=ChIJv_jykvS_QIYRMdS4mBpUFJg,5,220,0,
https://kingwoodskinessentials.com,Kingwood Skin Essentials Med Spa,(832) 777-6846,Kingwood,Texas,US,https://www.google.com/maps/search/?api=1&query=Kingwood%20Skin%20Essentials%20Med%20Spa&query_place_id=ChIJZ0ip9tGyQIYRoiclzWGtG2Y,4.7,113,0,
https://claritimedspa.com,"Clariti Aesthetics & Wellness - Houston, TX",(832) 726-1590,Houston,Texas,US,https://www.google.com/maps/search/?api=1&query=Clariti%20Aesthetics%20%26%20Wellness%20-%20Houston%2C%20TX&query_place_id=ChIJ3_iuu1bFQIYRCoHYyfrKBOI,4.8,28,0,
https://rogmedspa.com,River Oaks Galleria Medspa,(346) 741-6772,Houston,Texas,US,https://www.google.com/maps/search/?api=1&query=River%20Oaks%20Galleria%20Medspa&query_place_id=ChIJr95seR_BQIYRXertdTuXvVM,4.9,200,0,
https://nuveauplasticsurgery.com,"Nuveau Plastic Surgery & Medical Aesthetics / Edward I. Lee MD, FACS",(713) 999-1321,Houston,Texas,US,https://www.google.com/maps/search/?api=1&query=Nuveau%20Plastic%20Surgery%20%26%20Medical%20Aesthetics%20%2F%20Edward%20I.%20Lee%20MD%2C%20FACS&query_place_id=ChIJFSw3wWnAQIYRQ7ZJ312W24g,4.9,252,0,
https://utopiaplasticsurgery.com,Dr. Franklin A. Rose | Houston Plastic Surgeon,(713) 622-2277,Houston,Texas,US,https://www.google.com/maps/search/?api=1&query=Dr.%20Franklin%20A.%20Rose%20%7C%20Houston%20Plastic%20Surgeon&query_place_id=ChIJnXl3_rrmQIYRN_ufpa3-U4o,4.7,49,0,
https://zoehairsolutions.com,ZOË Hair Solutions and Medical Spa,(346) 371-4963,Houston,Texas,US,https://www.google.com/maps/search/?api=1&query=ZO%C3%8B%20Hair%20Solutions%20and%20Medical%20Spa&query_place_id=ChIJd50OYSG_QIYRYsy3Ip-58Bo,5,2,0,
https://moorederm.com,Moore Dermatology PLLC,(713) 741-3376,Houston,Texas,US,https://www.google.com/maps/search/?api=1&query=Moore%20Dermatology%20PLLC&query_place_id=ChIJbauL6aLqQIYRcOxjma4Dr1o,4.5,238,0,
https://thebodydoc.com,Ciaravino Total Beauty,(713) 627-1200,Houston,Texas,US,https://www.google.com/maps/search/?api=1&query=Ciaravino%20Total%20Beauty&query_place_id=ChIJIQJJofvAQIYRD-NhaiWWEhY,4.9,803,0,
https://drvitenas.com,Vitenas Cosmetic Surgery,(281) 484-0088,Houston,Texas,US,https://www.google.com/maps/search/?api=1&query=Vitenas%20Cosmetic%20Surgery&query_place_id=ChIJ3b_pBxiaQIYRhLkR62Z8OJs,4.8,978,0,
https://bcrnaesthetics.com,BCRN Aesthetics MedSpa,(346) 738-9897,Houston,Texas,US,https://www.google.com/maps/search/?api=1&query=BCRN%20Aesthetics%20MedSpa&query_place_id=ChIJeXkfMInAQIYRs7tW0wKaBUg,5,300,0,
https://camillecashmd.com,"Camille Cash, M.D.",(713) 571-0600,Houston,Texas,US,https://www.google.com/maps/search/?api=1&query=Camille%20Cash%2C%20M.D.&query_place_id=ChIJR8Q_Eha_QIYRF4kt0DXJJqI,4.8,161,0,
https://estilosalonandspa.com,Estilo Salon & Spa,(713) 807-7409,Houston,Texas,US,https://www.google.com/maps/search/?api=1&query=Estilo%20Salon%20%26%20Spa&query_place_id=ChIJCy2lLMDAQIYRmcIWCYKZdow,4.9,23,0,
https://aesthetichouston.com,Aesthetic Surgery Institute,(713) 892-5476,Houston,Texas,US,https://www.google.com/maps/search/?api=1&query=Aesthetic%20Surgery%20Institute&query_place_id=ChIJs7cBZW3BQIYRvFVFjhlOcqg,4.7,443,0,
https://glowinskinbar.com,Glowin Skin Bar,(832) 269-4404,Houston,Texas,US,https://www.google.com/maps/search/?api=1&query=Glowin%20Skin%20Bar&query_place_id=ChIJF3B6AgnHQIYRHMPDLtXqCiY,5,149,0,
https://s3medspa.com,S3 Medical Aesthetics & Hair Transplant Clinic,(713) 389-9857,Houston,Texas,US,https://www.google.com/maps/search/?api=1&query=S3%20Medical%20Aesthetics%20%26%20Hair%20Transplant%20Clinic&query_place_id=ChIJjb2QwqnBQIYR_7VOc6mzkz0,5,4,0,
https://crosspointemedical.com,Crosspointe Medical Clinic - Houston,(281) 463-1400,Houston,Texas,US,https://www.google.com/maps/search/?api=1&query=Crosspointe%20Medical%20Clinic%20-%20Houston&query_place_id=ChIJKdWrdSLDQIYRw-BCLeHFXJ8,4.5,217,0,
https://theskinrenewalcenter.com,The Skin Renewal Center,(713) 533-0800,Houston,Texas,US,https://www.google.com/maps/search/?api=1&query=The%20Skin%20Renewal%20Center&query_place_id=ChIJTbT9kJzAQIYRy8yDyL1KCxs,4.6,27,0,
https://renovalaser.com,Renova Laser Hair Removal & MedSpa,(832) 831-7003,Houston,Texas,US,https://www.google.com/maps/search/?api=1&query=Renova%20Laser%20Hair%20Removal%20%26%20MedSpa&query_place_id=ChIJ5ZV1ah3BQIYRso_2UoBm9K8,4.6,868,0,
https://bcm.edu,Baylor Aesthetic Studio,(713) 798-8888,Houston,Texas,US,https://www.google.com/maps/search/?api=1&query=Baylor%20Aesthetic%20Studio&query_place_id=ChIJB_28avW_QIYRfO8pHOUlp7g,5,2,0,
https://bodyenvymedspa.com,Body Envy Houston,(713) 429-4212,Houston,Texas,US,https://www.google.com/maps/search/?api=1&query=Body%20Envy%20Houston&query_place_id=ChIJi_aghZfAQIYRRDup9WPHp90,4.9,121,0,
https://j9clinicandmedspa.com,J9 Clinic and Med Spa,(281) 809-5115,Houston,Texas,US,https://www.google.com/maps/search/?api=1&query=J9%20Clinic%20and%20Med%20Spa&query_place_id=ChIJrXMf3f_pQIYR0a2hsGgaQIo,5,7,0,
https://kathylhaney.com,"Kathy Haney, Medical Aesthetician",(281) 850-9894,Houston,Texas,US,https://www.google.com/maps/search/?api=1&query=Kathy%20Haney%2C%20Medical%20Aesthetician&query_place_id=ChIJBwIZH5bBQIYRxjCRljp0ckY,5,67,0,
https://myspajoytx.zoca.com,My Spa Joy,(346) 660-3277,Houston,Texas,US,https://www.google.com/maps/search/?api=1&query=My%20Spa%20Joy&query_place_id=ChIJI0-M4s_DQIYRi67WrFgfF9E,4.9,1576,0,
https://loseweightgainbeauty.com,River Oaks Beauty and Weight Loss Center,(832) 991-6772,Houston,Texas,US,https://www.google.com/maps/search/?api=1&query=River%20Oaks%20Beauty%20and%20Weight%20Loss%20Center&query_place_id=ChIJ6RgLpajAQIYRGoCsWp0wTuM,4.8,157,0,
https://houstonacnespecialists.com,Houston Acne Specialists,(713) 201-1152,Houston,Texas,US,https://www.google.com/maps/search/?api=1&query=Houston%20Acne%20Specialists&query_place_id=ChIJRaE87PXEQIYRjKUt5EjSuq0,4.5,123,0,
https://arroyoplasticsurgeryhouston.com,"Arroyo Plastic Surgery | Christian Arroyo, MD",(832) 843-2702,Houston,Texas,US,https://www.google.com/maps/search/?api=1&query=Arroyo%20Plastic%20Surgery%20%7C%20Christian%20Arroyo%2C%20MD&query_place_id=ChIJhW_9zerFQIYRQ7GIfeNvELg,4.8,97,0,
https://pattmd.com,Houston Center for Facial Plastic Surgery,(281) 317-8268,Houston,Texas,US,https://www.google.com/maps/search/?api=1&query=Houston%20Center%20for%20Facial%20Plastic%20Surgery&query_place_id=ChIJtwk9Q4rCQIYRGHWgTvagN3Q,4.9,279,0,
https://draltamira.com,"David Altamira, MD",(713) 271-9000,Houston,Texas,US,https://www.google.com/maps/search/?api=1&query=David%20Altamira%2C%20MD&query_place_id=ChIJ20tP7YvCQIYRQA8MFrHIQ2c,4.8,172,0,
https://houstonhairandmedspa.com,Houston Hair and Med Spa,(281) 809-5115,Houston,Texas,US,https://www.google.com/maps/search/?api=1&query=Houston%20Hair%20and%20Med%20Spa&query_place_id=ChIJV8QBDyfpQIYRSkD36xmqMeo,5,1,0,
https://xfitspa.com,X-Fit Spa,(281) 598-8980,Houston,Texas,US,https://www.google.com/maps/search/?api=1&query=X-Fit%20Spa&query_place_id=ChIJNQeLKiDHQIYRX__QPQdElSI,5,6,0,
https://premieraestheticshouston.com,Premier Aesthetics Houston,(713) 877-8630,Houston,Texas,US,https://www.google.com/maps/search/?api=1&query=Premier%20Aesthetics%20Houston&query_place_id=ChIJdbmkixbBQIYRuhrMNX6nuR0,5,95,0,
https://luxewspa.com,BEluxe Spa II | Waxing | Facials,(832) 553-6204,Houston,Texas,US,https://www.google.com/maps/search/?api=1&query=BEluxe%20Spa%20II%20%7C%20Waxing%20%7C%20Facials&query_place_id=ChIJxwMO0w_qQIYRZoDk94LlXmo,4.9,106,0,
https://ntmedspa.com,Nouveau Toi Med Spa,(713) 201-5255,Houston,Texas,US,https://www.google.com/maps/search/?api=1&query=Nouveau%20Toi%20Med%20Spa&query_place_id=ChIJad6SFrLDQIYRP_vQhwSeJco,5,26,0,
https://locations.livehydrationspa.com,LIVE Hydration Spa Kirby,(832) 821-8717,Houston,Texas,US,https://www.google.com/maps/search/?api=1&query=LIVE%20Hydration%20Spa%20Kirby&query_place_id=ChIJh-5NYcjBQIYRDPPeHTJLZvc,4.9,331,0,
https://sweetbutterflymedspa.com,Sweet Butterfly Med Spa,(832) 640-0791,Houston,Texas,US,https://www.google.com/maps/search/?api=1&query=Sweet%20Butterfly%20Med%20Spa&query_place_id=ChIJZyNu9OPBQIYRY06cPCJAvEU,5,1,0,
https://victoriaheavenlyspa.com,Victoria Heavenly Spa,(832) 380-0696,Houston,Texas,US,https://www.google.com/maps/search/?api=1&query=Victoria%20Heavenly%20Spa&query_place_id=ChIJ_bKrDfXcQIYRGqNIjleGt94,4.8,481,0,
https://amerejuve.com,Amerejuve Medspa Shepherd,(713) 960-6262,Houston,Texas,US,https://www.google.com/maps/search/?api=1&query=Amerejuve%20Medspa%20Shepherd&query_place_id=ChIJ_T7Y55PAQIYRFxZpvyxAG6w,4.7,56,0,
https://elevateskinclinic.com,Elevate Skin Clinic and Medspa,(832) 582-4068,Houston,Texas,US,https://www.google.com/maps/search/?api=1&query=Elevate%20Skin%20Clinic%20and%20Medspa&query_place_id=ChIJiUu6rZ_BQIYRdFZXEsYsqwg,5,46,0,
https://texashairlossclinic.com,Texas Hair Restoration and Wellness Center,(713) 640-5651,Houston,Texas,US,https://www.google.com/maps/search/?api=1&query=Texas%20Hair%20Restoration%20and%20Wellness%20Center&query_place_id=ChIJA1SKkZjDQIYRRehA7vfO6N8,4.8,224,0,
https://sousanmedspahouston.net,Sousan Med Spa,(713) 527-9878,Houston,Texas,US,https://www.google.com/maps/search/?api=1&query=Sousan%20Med%20Spa&query_place_id=ChIJF1HFwlrBQIYR8WBQzqParVs,5,4,0,
https://emerge-blissful.com,Bare Beauty Boutique Spa,(832) 478-3333,Houston,Texas,US,https://www.google.com/maps/search/?api=1&query=Bare%20Beauty%20Boutique%20Spa&query_place_id=ChIJN7TLg4DBQIYRhgQUZNX7ZOI,5,25,0,
https://yanaskincare.com,Yana Skin Care,(281) 306-1999,Houston,Texas,US,https://www.google.com/maps/search/?api=1&query=Yana%20Skin%20Care&query_place_id=ChIJE6Mg9kvCQIYRouwC8F2pwv0,4.7,213,0,
https://vinomedspa.com,Vino Med Spa,(832) 714-2582,Houston,Texas,US,https://www.google.com/maps/search/?api=1&query=Vino%20Med%20Spa&query_place_id=ChIJcdW921_AQIYRKD-OP84-TeA,4.5,47,0,
https://gobarelaserhair.com,Go Bare Laser and Aesthetics,(832) 280-8101,Houston,Texas,US,https://www.google.com/maps/search/?api=1&query=Go%20Bare%20Laser%20and%20Aesthetics&query_place_id=ChIJk_0R1Y_FQIYRzi4HlgtNz7s,4.8,82,0,
https://behappyiv.com,Be Happy IV Hydration & Wellness - Houston IV Drip Health Spa & Weight Loss,(713) 428-2170,Houston,Texas,US,https://www.google.com/maps/search/?api=1&query=Be%20Happy%20IV%20Hydration%20%26%20Wellness%20-%20Houston%20IV%20Drip%20Health%20Spa%20%26%20Weight%20Loss&query_place_id=ChIJfXdzMY_BQIYRt7X_988Di80,5,7,0,
https://behuemn.com,Huemn - Heights MKT,(832) 979-5618,Houston,Texas,US,https://www.google.com/maps/search/?api=1&query=Huemn%20-%20Heights%20MKT&query_place_id=ChIJyQaw9BXHQIYR_Rw8UTLf9pY,4.9,372,0,
https://gravityonestudio.com,Gravity One Studio,(713) 218-9988,Houston,Texas,US,https://www.google.com/maps/search/?api=1&query=Gravity%20One%20Studio&query_place_id=ChIJYdZOZoHHQIYR6VKJlKw_dec,4.9,361,0,
https://premieresurgicalarts.com,Premiere Surgical Arts,(832) 930-7660,Houston,Texas,US,https://www.google.com/maps/search/?api=1&query=Premiere%20Surgical%20Arts&query_place_id=ChIJnxfScY7AQIYRnIhDbX_Jlo8,4.8,252,0,
https://faceforwardhouston.com,Face Forward Houston: Regina Rodman M.D.,(713) 321-2424,Houston,Texas,US,https://www.google.com/maps/search/?api=1&query=Face%20Forward%20Houston%3A%20Regina%20Rodman%20M.D.&query_place_id=ChIJ3QeI4GHEQIYRUet4-4xr3ug,4.8,163,0,
https://fortesmd.com,Paul F. Fortes MD Plastic Surgery,(713) 489-7996,Houston,Texas,US,https://www.google.com/maps/search/?api=1&query=Paul%20F.%20Fortes%20MD%20Plastic%20Surgery&query_place_id=ChIJX1ZfCT7BQIYRYnziL5V4caM,4.8,142,0,
https://renewbodycontouring.com,Renew Body Contouring & MedSpa,(281) 201-0101,Houston,Texas,US,https://www.google.com/maps/search/?api=1&query=Renew%20Body%20Contouring%20%26%20MedSpa&query_place_id=ChIJz2uvMz_BQIYRRqAAhN36ydY,4.5,60,0,
https://riveroaksdripspa.com,River Oaks Drip Spa: IV Therapy & Hydration Center,(832) 834-4405,Houston,Texas,US,https://www.google.com/maps/search/?api=1&query=River%20Oaks%20Drip%20Spa%3A%20IV%20Therapy%20%26%20Hydration%20Center&query_place_id=ChIJd3DvCxHBQIYRIlY-0qDVgXM,5,515,0,
https://skinfulaesthetics.com,Skinful Aesthetics,(281) 697-8080,Houston,Texas,US,https://www.google.com/maps/search/?api=1&query=Skinful%20Aesthetics&query_place_id=ChIJa0ktmWzBQIYR8QXNNUPor5k,4.9,316,0,
https://joinskindeep.com,Skin Deep Cosmetics & Aesthetics,(713) 331-9414,Houston,Texas,US,https://www.google.com/maps/search/?api=1&query=Skin%20Deep%20Cosmetics%20%26%20Aesthetics&query_place_id=ChIJt2PXKLjBQIYRwBlh6bbDjVI,4.9,90,0,
https://aubzaysmedspa.com,"Aubzay’s Health & Wellness Medical Spa, LLC",(346) 409-0123,Houston,Texas,US,https://www.google.com/maps/search/?api=1&query=Aubzay%E2%80%99s%20Health%20%26%20Wellness%20Medical%20Spa%2C%20LLC&query_place_id=ChIJCRUGqKnDQIYRx6zqu4fN3jU,5,5,0,
https://xfactormdmedspa.com,X Factor MD Med Spa,(346) 485-6869,Houston,Texas,US,https://www.google.com/maps/search/?api=1&query=X%20Factor%20MD%20Med%20Spa&query_place_id=ChIJ05Mxm5PBQIYR21K17ky3pEs,5,103,0,
https://beereneeaesthetics.com,Bee Renee Aesthetics,(832) 963-6332,Houston,Texas,US,https://www.google.com/maps/search/?api=1&query=Bee%20Renee%20Aesthetics&query_place_id=ChIJzU1QKL7AQIYRKV6HS9Jl6MU,4.9,75,0,
https://spachrysalis.com,Chrysalis Skin & Body,(713) 522-2111,Houston,Texas,US,https://www.google.com/maps/search/?api=1&query=Chrysalis%20Skin%20%26%20Body&query_place_id=ChIJGYucAvTAQIYRbpHTybcwUQs,4.9,94,0,
https://clearstonespa.com,Clearstone Laser Hair Removal & Med Spa,(281) 805-1136,Houston,Texas,US,https://www.google.com/maps/search/?api=1&query=Clearstone%20Laser%20Hair%20Removal%20%26%20Med%20Spa&query_place_id=ChIJX6BydWzAQIYRTNmky8iYnvc,4.8,691,0,
https://mdondelivery.com,"MD On Delivery PLLC (Dr. Karina Cañadas), ENT Clinic",(832) 477-2234,Houston,Texas,US,https://www.google.com/maps/search/?api=1&query=MD%20On%20Delivery%20PLLC%20(Dr.%20Karina%20Ca%C3%B1adas)%2C%20ENT%20Clinic&query_place_id=ChIJNWI3wcbHQIYR1_F1VpDEY-4,5,34,0,
https://rivieramedcenter.com,Riviera Medical Center - Main Location,(713) 637-4372,Houston,Texas,US,https://www.google.com/maps/search/?api=1&query=Riviera%20Medical%20Center%20-%20Main%20Location&query_place_id=ChIJXdlFpbfDQIYRcMGNkdD8sOI,4.6,134,0,
https://txcosmetics.com,Memorial Center for Cosmetic Surgery: Houston Plastic Surgery,(713) 722-7400,Houston,Texas,US,https://www.google.com/maps/search/?api=1&query=Memorial%20Center%20for%20Cosmetic%20Surgery%3A%20Houston%20Plastic%20Surgery&query_place_id=ChIJ3SkewbXEQIYR90FjGTOS2io,4.9,197,0,
https://faceiqaesthetics.com,April Harrison PA-C,(832) 800-3783,Houston,Texas,US,https://www.google.com/maps/search/?api=1&query=April%20Harrison%20PA-C&query_place_id=ChIJiZ_haTfDQIYRTOfNEYNMr0I,5,3,0,
https://lebeaumedspasalon.com,Le Beau,(713) 405-9179,Houston,Texas,US,https://www.google.com/maps/search/?api=1&query=Le%20Beau&query_place_id=ChIJWQsYDITHQIYRuJaAn6FZyLg,4.7,15,0,
https://beautyworxhouston.com,BeautyWorx MedSpa,(713) 935-0772,Houston,Texas,US,https://www.google.com/maps/search/?api=1&query=BeautyWorx%20MedSpa&query_place_id=ChIJzehL5bfGQIYRD5LHjIzplP4,4.6,9,0,
https://oasisdrip.com,Oasis Drip Hydration & Wellness Spa,(833) 627-4789,Houston,Texas,US,https://www.google.com/maps/search/?api=1&query=Oasis%20Drip%20Hydration%20%26%20Wellness%20Spa&query_place_id=ChIJnXHLGB8nQYYRA1Sg51wX4w8,5,9,0,
https://stunningtransformationsmedspa.com,Stunning Transformations Med Spa,(281) 562-7404,Houston,Texas,US,https://www.google.com/maps/search/?api=1&query=Stunning%20Transformations%20Med%20Spa&query_place_id=ChIJM3lh1qDbQIYR4F_IHhXw-m4,5,2,0,
https://drnikko.com,Nikko Cosmetic Dermatology Center,(713) 960-1311,Houston,Texas,US,https://www.google.com/maps/search/?api=1&query=Nikko%20Cosmetic%20Dermatology%20Center&query_place_id=ChIJZUUdmTfBQIYRzXBaDZde-JI,4.6,251,0,
https://bouncehydration.com,Bounce Hydration,(713) 401-3642,Houston,Texas,US,https://www.google.com/maps/search/?api=1&query=Bounce%20Hydration&query_place_id=ChIJ9z3-w-jBQIYR7Wu1KLq0aT4,4.8,40,0,
https://amirascryospahouston.zoca.com,Amira's Cryo Spa And Salon,(832) 973-1156,Houston,Texas,US,https://www.google.com/maps/search/?api=1&query=Amira's%20Cryo%20Spa%20And%20Salon&query_place_id=ChIJdT__bvTFQIYR9wBS8U8MMyU,4.8,331,0,
https://stardomtouchesbodyll.com,"Stardom Touches Body II, Lymphatic Massage and Facials",(346) 226-5110,Houston,Texas,US,https://www.google.com/maps/search/?api=1&query=Stardom%20Touches%20Body%20II%2C%20Lymphatic%20Massage%20and%20Facials&query_place_id=ChIJHdNNnovHQIYRoao2g1C3EHI,5,108,0,
https://imotivatewellnessandaesthetics.com,iMotivate Wellness and Aesthetics,(832) 735-8087,Houston,Texas,US,https://www.google.com/maps/search/?api=1&query=iMotivate%20Wellness%20and%20Aesthetics&query_place_id=ChIJZSUIo_vFQIYRp26b_Si6nLw,5,10,0,
https://euphoriabeaute.com,Euphoria Beaute,(832) 617-8262,Houston,Texas,US,https://www.google.com/maps/search/?api=1&query=Euphoria%20Beaute&query_place_id=ChIJM9j2hzHdQIYR2QLhUZFqqKc,5,210,0,
https://houstonskinhealth.com,ZO Skin Centre Houston,(832) 831-4933,Houston,Texas,US,https://www.google.com/maps/search/?api=1&query=ZO%20Skin%20Centre%20Houston&query_place_id=ChIJLyiiPY7BQIYR1_Glq19lX5Q,4.9,238,0,
https://dosedhoustonaesthetics.com,Dosed By Zaza Med Spa,(713) 469-8631,Houston,Texas,US,https://www.google.com/maps/search/?api=1&query=Dosed%20By%20Zaza%20Med%20Spa&query_place_id=ChIJFfs0WPXDQIYRHKphnucnao8,4.9,75,0,
https://serenitymedspahouston.com,Serenity Wellness and Weight loss,(713) 449-6265,Houston,Texas,US,https://www.google.com/maps/search/?api=1&query=Serenity%20Wellness%20and%20Weight%20loss&query_place_id=ChIJAQDs6V_AQIYRo4HWbfIm4qU,5,30,0,
https://healthprofs.com,CharSpa Wellness & Aesthetics,(832) 413-2062,Houston,Texas,US,https://www.google.com/maps/search/?api=1&query=CharSpa%20Wellness%20%26%20Aesthetics&query_place_id=ChIJZ6XqaHXHQIYRrWy2HeOW2Zo,5,68,0,
https://hibeautifulaesthetics.com,Hi Beautiful Aesthetics,(281) 846-6895,Houston,Texas,US,https://www.google.com/maps/search/?api=1&query=Hi%20Beautiful%20Aesthetics&query_place_id=ChIJuy9pdCrDQIYRrwt2oraHarA,4.8,439,0,
https://glowupmed-spa.org,GlowUp Med Spa,(713) 993-6631,Houston,Texas,US,https://www.google.com/maps/search/?api=1&query=GlowUp%20Med%20Spa&query_place_id=ChIJU10a1y7DQIYRDmjACh5o514,5,1,0,
https://tlcmedspahouston.com,TLC MedSpa Houston,(713) 493-7700,Houston,Texas,US,https://www.google.com/maps/search/?api=1&query=TLC%20MedSpa%20Houston&query_place_id=ChIJ7fZl2sy_QIYRaNBc99irydE,4.6,34,0,
https://elevatewellmedspa.com,Elevate Wellness & Med Spa,(832) 430-3119,Houston,Texas,US,https://www.google.com/maps/search/?api=1&query=Elevate%20Wellness%20%26%20Med%20Spa&query_place_id=ChIJXZ0VYtK_QIYRba7LwUPS__s,4.6,9,0,
https://jolie-wms.com,JOLIE WELLNESS MED SPA,(832) 930-7018,Houston,Texas,US,https://www.google.com/maps/search/?api=1&query=JOLIE%20WELLNESS%20MED%20SPA&query_place_id=ChIJZTurKEPDQIYRCV_BrLo1Khc,5,83,0,
https://medispainstitute.com,Medispa Institute,(832) 300-5593,Houston,Texas,US,https://www.google.com/maps/search/?api=1&query=Medispa%20Institute&query_place_id=ChIJ5XGmpzvdQIYR8Ue9hAgxNB8,5,26,0,
https://celebaesthetics.com,"Celeb Aesthetics & Wellness- Botox, Sculptra, PDO threads, Microneedling, Facials , Lip filler, Facial balancing",(713) 829-0955,Houston,Texas,US,https://www.google.com/maps/search/?api=1&query=Celeb%20Aesthetics%20%26%20Wellness-%20Botox%2C%20Sculptra%2C%20PDO%20threads%2C%20Microneedling%2C%20Facials%20%2C%20Lip%20filler%2C%20Facial%20balancing&query_place_id=ChIJq-9ctwbDQIYR_xkuh8YutEc,5,93,0,
https://nuvocosmedispa.com,NUVO Cosmedispa,(832) 266-3004,Houston,Texas,US,https://www.google.com/maps/search/?api=1&query=NUVO%20Cosmedispa&query_place_id=ChIJ0dfak7rBQIYRqUY6cJkHgY0,4.9,30,0,
https://royalvillahouston.com,Royal Villa Aesthetics and Wellness,(832) 613-2006,Houston,Texas,US,https://www.google.com/maps/search/?api=1&query=Royal%20Villa%20Aesthetics%20and%20Wellness&query_place_id=ChIJfasiZTbHQIYRUrY7F4hb8R0,5,18,0,
https://poutmedspa.com,Pout MedSpa,(281) 948-3588,Houston,Texas,US,https://www.google.com/maps/search/?api=1&query=Pout%20MedSpa&query_place_id=ChIJk1nuRQjHQIYRAFH2D4GEh0M,5,3,0,
https://cindyhdz83.wixsite.com,SECRET VANITY MED SPA,(832) 910-7760,Houston,Texas,US,https://www.google.com/maps/search/?api=1&query=SECRET%20VANITY%20MED%20SPA&query_place_id=ChIJR4LLKePBQIYRTowrPkff1IY,5,12,0,
https://heightsplasticsurgeryhouston.com,Heights Plastic Surgery,(713) 496-2427,Houston,Texas,US,https://www.google.com/maps/search/?api=1&query=Heights%20Plastic%20Surgery&query_place_id=ChIJi68OVWC_QIYRaJikt-M0Re0,4.8,218,0,
https://skintensity.us,Skintensity Skincare and Anti-aging studio,(832) 551-7236,Houston,Texas,US,https://www.google.com/maps/search/?api=1&query=Skintensity%20Skincare%20and%20Anti-aging%20studio&query_place_id=ChIJgWuYe-ogQYYR65FHSkRxob8,5,44,0,
https://lovemyaura.com,AURA Aesthetics & Med Spa,(281) 502-2987,Houston,Texas,US,https://www.google.com/maps/search/?api=1&query=AURA%20Aesthetics%20%26%20Med%20Spa&query_place_id=ChIJhVZ1X5fTQIYR4Wd6mbPp5yo,5,13,0,
https://mvmedicalaesthetics.com,MV Medical Aesthetics,(346) 680-6767,Houston,Texas,US,https://www.google.com/maps/search/?api=1&query=MV%20Medical%20Aesthetics&query_place_id=ChIJk3SH2eLHQIYRX-QNfJlbfxA,5,8,0,
https://adarahouston.com,Adara Medical Spa,(713) 766-3638,Houston,Texas,US,https://www.google.com/maps/search/?api=1&query=Adara%20Medical%20Spa&query_place_id=ChIJbUYb-oK_QIYRs77eTmlnuAI,4.5,90,0,
https://skncraft.com,SKNCRAFT,(281) 256-1003,Houston,Texas,US,https://www.google.com/maps/search/?api=1&query=SKNCRAFT&query_place_id=ChIJ1alBg-vHQIYRumhLt_uRzBk,5,53,0,
https://transformationmedispa.net,Transformation MediSpa,(713) 661-9129,Houston,Texas,US,https://www.google.com/maps/search/?api=1&query=Transformation%20MediSpa&query_place_id=ChIJGVkznEHAQIYRu9YT1fcyltA,4.8,42,0,
https://medipedispa.com,"MediPedi Spa, PLLC",(346) 352-3160,Houston,Texas,US,https://www.google.com/maps/search/?api=1&query=MediPedi%20Spa%2C%20PLLC&query_place_id=ChIJWfmKi57HQIYRtZ-sPZsbGoM,4.9,184,0,
https://karishmamedspatraining.com,Karishma MedSpa & Training,(281) 903-7160,Houston,Texas,US,https://www.google.com/maps/search/?api=1&query=Karishma%20MedSpa%20%26%20Training&query_place_id=ChIJTRRSygHnQIYR6E8XiEEO6XE,5,18,0,
https://houston-heights.thedripbar.com,The DRIPBaR Houston Heights,(713) 597-2618,Houston,Texas,US,https://www.google.com/maps/search/?api=1&query=The%20DRIPBaR%20Houston%20Heights&query_place_id=ChIJs8P_7Y_HQIYRvzaKVIn0RUA,5,143,0,
https://patronellamd.com,"Christopher K. Patronella, MD",(713) 575-1996,Houston,Texas,US,https://www.google.com/maps/search/?api=1&query=Christopher%20K.%20Patronella%2C%20MD&query_place_id=ChIJf0fava3EQIYReF3G8HrAoUQ,4.9,156,0,
https://milivmed-spa.com,Miliv Med Spa & Facials,(713) 585-0715,Houston,Texas,US,https://www.google.com/maps/search/?api=1&query=Miliv%20Med%20Spa%20%26%20Facials&query_place_id=ChIJIQNO4XDBQIYRwzhP7SIMFLw,4.8,441,0,
https://phheadspa.com,pH Head Spa,(281) 900-6360,Houston,Texas,US,https://www.google.com/maps/search/?api=1&query=pH%20Head%20Spa&query_place_id=ChIJPVu3OcLHQIYRqxzaDn7yz3Y,5,293,0,
https://juvanmd.com,Juvan MD,(346) 236-0700,Houston,Texas,US,https://www.google.com/maps/search/?api=1&query=Juvan%20MD&query_place_id=ChIJA8Q-NAC5QIYRbAqiwRY6aR0,5,165,0,
https://anewyouaesthetic.com,A New You Aesthetic,(713) 393-7774,Houston,Texas,US,https://www.google.com/maps/search/?api=1&query=A%20New%20You%20Aesthetic&query_place_id=ChIJu5wsaT3DQIYReMVu-yJPq6M,4.5,65,0,
https://zmedclinic.com,"Z Med Clinic and Med Spa, Weight Loss, Hormone Therapy and IV Clinic",(713) 470-4024,Houston,Texas,US,https://www.google.com/maps/search/?api=1&query=Z%20Med%20Clinic%20and%20Med%20Spa%2C%20Weight%20Loss%2C%20Hormone%20Therapy%20and%20IV%20Clinic&query_place_id=ChIJxTI6dFTCQIYRB1wqkZER2Rg,4.9,565,0,
https://noiressence.beauty,Noir Essence Luxury Med Spa,(832) 865-5600,Houston,Texas,US,https://www.google.com/maps/search/?api=1&query=Noir%20Essence%20Luxury%20Med%20Spa&query_place_id=ChIJ35jeW6HBQIYRX_wqui2LIaQ,5,25,0,
https://avantemedispa.com,Avante Laser & MediSpa,(713) 953-1139,Houston,Texas,US,https://www.google.com/maps/search/?api=1&query=Avante%20Laser%20%26%20MediSpa&query_place_id=ChIJJQDTOJPDQIYR2cpbQ3OwIuE,4.8,101,0,
https://drernestlayton.com,Layton Aesthetic Plastic Surgery,(713) 337-5277,Houston,Texas,US,https://www.google.com/maps/search/?api=1&query=Layton%20Aesthetic%20Plastic%20Surgery&query_place_id=ChIJ-xBTA7zEQIYR9SRi_Wea-MQ,4.9,76,0,
https://facelifeaesthetics.com,Face.Life Aesthetics,(713) 231-7113,Houston,Texas,US,https://www.google.com/maps/search/?api=1&query=Face.Life%20Aesthetics&query_place_id=ChIJ98qAtxTHQIYRco1uVHk9gbU,5,22,0,
https://txrosemedspa.com,Rose medical spa,(281) 250-6171,Houston,Texas,US,https://www.google.com/maps/search/?api=1&query=Rose%20medical%20spa&query_place_id=ChIJs7QF0oHbQIYReA3sZN0aOpc,5,94,0,
https://minasaesthetics.com,Mina's Aesthetics and Wellness,(832) 345-3195,Houston,Texas,US,https://www.google.com/maps/search/?api=1&query=Mina's%20Aesthetics%20and%20Wellness&query_place_id=ChIJ0f7C13bFQIYRAzlaaKpaVKI,5,20,0,
https://shinemdmedspa.com,"ShineMD Medspa & Liposuction Center in Houston, TX",(832) 509-5099,Houston,Texas,US,https://www.google.com/maps/search/?api=1&query=ShineMD%20Medspa%20%26%20Liposuction%20Center%20in%20Houston%2C%20TX&query_place_id=ChIJaSDEgKfHQIYRk0eNG6euq_0,4.9,212,0,
https://htxmdspa.com,Houston MedSpa + Wellness,(832) 835-2545,Houston,Texas,US,https://www.google.com/maps/search/?api=1&query=Houston%20MedSpa%20%2B%20Wellness&query_place_id=ChIJtWzPOPbAQIYRHv6oUAjiD4I,4.5,537,0,
https://authenticrussianlipsusa.as.me,Russian Lips Always Plumpy,(346) 533-7140,Houston,Texas,US,https://www.google.com/maps/search/?api=1&query=Russian%20Lips%20Always%20Plumpy&query_place_id=ChIJS3MG2pqbQIYRMBSsUDBJ6Hs,5,99,0,
https://houstonwellnessaesthetics.com,Houston Wellness & Aesthetics,(346) 537-5650,Houston,Texas,US,https://www.google.com/maps/search/?api=1&query=Houston%20Wellness%20%26%20Aesthetics&query_place_id=ChIJ6a0l1Q7HQIYRSMlpDrYhE4E,5,20,0,
https://alchemymedspa.as.me,Alchemy Med Spa,(832) 704-4395,Houston,Texas,US,https://www.google.com/maps/search/?api=1&query=Alchemy%20Med%20Spa&query_place_id=ChIJDfdMlsHBQIYRl3fsjfml30I,4.5,44,0,
https://acspromedspa.com,ACS Promed spa,(832) 892-8941,Houston,Texas,US,https://www.google.com/maps/search/?api=1&query=ACS%20Promed%20spa&query_place_id=ChIJd_kw2DXCQIYRaBtQhOrKwkg,4.9,147,0,
https://microneedlingmiamicenter.com,Microneedling Miami Center Morpheus8 specialists,(786) 940-6291,Miami Beach,Florida,US,https://www.google.com/maps/search/?api=1&query=Microneedling%20Miami%20Center%20Morpheus8%20specialists&query_place_id=ChIJk2DwvcOz2YgRvAgf7SGew_0,5,25,0,
https://dallasskincentre.com,ZO Skin Centre,(214) 579-9073,Dallas,Texas,US,https://www.google.com/maps/search/?api=1&query=ZO%20Skin%20Centre&query_place_id=ChIJA3qOWNueToYRuvNFDhfiYsg,4.9,486,0,
https://privemedaesthetics.com,Privé Aesthetics,(817) 739-6640,Dallas,Texas,US,https://www.google.com/maps/search/?api=1&query=Priv%C3%A9%20Aesthetics&query_place_id=ChIJC-Wy2yafToYRHltOUocvoO8,4.9,158,0,
https://moonlaserhairremoval.com,Moon Laser Hair Removal - Best Laser Clinic NYC,(646) 302-5478,New York,New York,US,https://www.google.com/maps/search/?api=1&query=Moon%20Laser%20Hair%20Removal%20-%20Best%20Laser%20Clinic%20NYC&query_place_id=ChIJG7dPTOFZwokRt_IkJPqD3Ik,5,3,0,
https://nulistudios.com,Nuli Studios,(469) 809-6858,Dallas,Texas,US,https://www.google.com/maps/search/?api=1&query=Nuli%20Studios&query_place_id=ChIJNXQVM3efToYR8O_vz9dtJfs,4.9,387,0,
https://niosspa.com,Nios Skin Lab,(212) 863-9058,New York,New York,US,https://www.google.com/maps/search/?api=1&query=Nios%20Skin%20Lab&query_place_id=ChIJI-cGZVhYwokRGQVoZnvxYFE,4.6,124,0,
https://clearlaserskin.com,Clear Laser City Clinic,(212) 697-1802,New York,New York,US,https://www.google.com/maps/search/?api=1&query=Clear%20Laser%20City%20Clinic&query_place_id=ChIJlfgEWYBZwokRGSzGbsmUSGI,4.9,321,0,
https://satorilaser.com,Satori Laser,(212) 574-4888,New York,New York,US,https://www.google.com/maps/search/?api=1&query=Satori%20Laser&query_place_id=ChIJX8ir1shZwokRtbq3P8LHYd0,5,202,0,
https://tribecamedspa.com,Tribeca Medspa,(212) 925-9500,New York,New York,US,https://www.google.com/maps/search/?api=1&query=Tribeca%20Medspa&query_place_id=ChIJg8seZfVZwokRIgijbSNdzWo,4.7,313,0,
https://trifectamedspanyc.com,Trifecta Med Spa Park Avenue,(212) 784-6093,New York,New York,US,https://www.google.com/maps/search/?api=1&query=Trifecta%20Med%20Spa%20Park%20Avenue&query_place_id=ChIJrbr03_ZZwokRPNoJF5R4-LA,4.6,40,0,
https://alineamedicalspa.com,Alinea Medical Spa Acne Scar & Laser Skin Care NYC,(646) 585-2393,New York,New York,US,https://www.google.com/maps/search/?api=1&query=Alinea%20Medical%20Spa%20Acne%20Scar%20%26%20Laser%20Skin%20Care%20NYC&query_place_id=ChIJ__9PPOpYwokR2FxcByL4tYk,4.5,152,0,
https://momolaserhairremoval.com,MOMO Laser Hair Removal,(212) 302-0226,New York,New York,US,https://www.google.com/maps/search/?api=1&query=MOMO%20Laser%20Hair%20Removal&query_place_id=ChIJByI45VVYwokRQzJXrWxZ0xw,4.6,20,0,
https://limogesbeauty.com,Limoges Beauty Skin Care & Electrolysis NYC,(646) 894-1830,New York,New York,US,https://www.google.com/maps/search/?api=1&query=Limoges%20Beauty%20Skin%20Care%20%26%20Electrolysis%20NYC&query_place_id=ChIJAQCkua9ZwokRjHc9vqmwkMo,4.9,169,0,
https://sknspanyc.com,SKN Spa,(212) 581-1398,New York,New York,US,https://www.google.com/maps/search/?api=1&query=SKN%20Spa&query_place_id=ChIJazlAU1BYwokRiiggjl8UR-I,4.6,235,0,
https://newskinnyc.com,New Skin NYC,(929) 600-5300,Maspeth,New York,US,https://www.google.com/maps/search/?api=1&query=New%20Skin%20NYC&query_place_id=ChIJYx6RShJnwokRnHlVwjGVjbc,5,223,0,
https://baredmonkey.com,Bared Monkey Laser Spa,(212) 256-9777,New York,New York,US,https://www.google.com/maps/search/?api=1&query=Bared%20Monkey%20Laser%20Spa&query_place_id=ChIJlzqeZqhZwokRIiBTqRUFtko,4.9,1396,0,
https://gentletouchlaser.com,Gentle Touch Laser,(800) 516-7608,New York,New York,US,https://www.google.com/maps/search/?api=1&query=Gentle%20Touch%20Laser&query_place_id=ChIJU9kNpQFZwokRtO53FP7e-_g,4.5,93,0,
https://angelicaaestheticsnyc.com,Angelica Aesthetics | New York | Laser Hair Removal,(347) 524-4770,New York,New York,US,https://www.google.com/maps/search/?api=1&query=Angelica%20Aesthetics%20%7C%20New%20York%20%7C%20Laser%20Hair%20Removal&query_place_id=ChIJxaArephbwokR-Sh7v1OuL10,5,73,0,
https://studioesthetique.com,Studio Esthetique Skin & Laser Center NYC,(212) 671-0606,New York,New York,US,https://www.google.com/maps/search/?api=1&query=Studio%20Esthetique%20Skin%20%26%20Laser%20Center%20NYC&query_place_id=ChIJD5ZdexdawokRcvCR9ssY2M0,4.9,186,0,
https://ardorlaserandskincare.com,Ardor Laser and Skincare,(917) 444-1097,New York,New York,US,https://www.google.com/maps/search/?api=1&query=Ardor%20Laser%20and%20Skincare&query_place_id=ChIJE6Qgq5tZwokRAFkrFPnt-eg,5,19,0,
https://moonelectrolysis.com,Moon Electrolysis- A permanent hair removal in NYC,(646) 407-7967,New York,New York,US,https://www.google.com/maps/search/?api=1&query=Moon%20Electrolysis-%20A%20permanent%20hair%20removal%20in%20NYC&query_place_id=ChIJPxPPDAtZwokR1ldae0CmRbs,5,91,0,
https://hairbyebye.com,"Hair Bye Bye Electrolysis, Permanent Hair Removal in NYC",(718) 878-4730,New York,New York,US,https://www.google.com/maps/search/?api=1&query=Hair%20Bye%20Bye%20Electrolysis%2C%20Permanent%20Hair%20Removal%20in%20NYC&query_place_id=ChIJydkSkL9o1gYRCGnn2Xfmb5Y,5,222,0,
https://drlaserla.com,dr LASER,(212) 408-3229,New York,New York,US,https://www.google.com/maps/search/?api=1&query=dr%20LASER&query_place_id=ChIJP-PbqJ1ZwokROt2Q16kRWA4,4.5,262,0,
https://petalslaserlounge.com,Petals Laser Lounge,(212) 363-5555,New York,New York,US,https://www.google.com/maps/search/?api=1&query=Petals%20Laser%20Lounge&query_place_id=ChIJUyXasxdawokRPP0DmSjEvW0,4.9,202,0,
https://ag2gtattooremoval.com,Ag2g Laser Tattoo Removal & MedSpa,(929) 587-6064,New York,New York,US,https://www.google.com/maps/search/?api=1&query=Ag2g%20Laser%20Tattoo%20Removal%20%26%20MedSpa&query_place_id=ChIJZWAv1ELzwokR03d5Th9JviI,4.9,146,0,
https://mjlasernyc.com,"MJ Laser Hair Removal, Permanent Make Up & Russian Manicure, Pedicure NYC",(833) 621-7215,New York,New York,US,https://www.google.com/maps/search/?api=1&query=MJ%20Laser%20Hair%20Removal%2C%20Permanent%20Make%20Up%20%26%20Russian%20Manicure%2C%20Pedicure%20NYC&query_place_id=ChIJm9Ny7LpZwokRiBzO07z493M,5,92,0,
https://sevlaser.com,SEV Laser,(332) 219-8807,New York,New York,US,https://www.google.com/maps/search/?api=1&query=SEV%20Laser&query_place_id=ChIJZY4U2-BZwokRbUDObUtaZeg,4.8,107,0,
https://nylaseroutlet.com,NY Laser Outlet,(800) 953-5150,New York,New York,US,https://www.google.com/maps/search/?api=1&query=NY%20Laser%20Outlet&query_place_id=ChIJsT3lqK9ZwokRFuTyldGHg3s,4.9,313,0,
https://love-you-laser.com,"Aesthetic Studio - ""Love You Laser"" Spa",(212) 580-1720,New York,New York,US,https://www.google.com/maps/search/?api=1&query=Aesthetic%20Studio%20-%20%22Love%20You%20Laser%22%20Spa&query_place_id=ChIJkYhm3mNZwokREirTE0c5IRc,4.2,236,0,
https://manhattan-laser.com,Manhattan Laser - Med Aesthetics Clinic | Medspa,(917) 261-7087,New York,New York,US,https://www.google.com/maps/search/?api=1&query=Manhattan%20Laser%20-%20Med%20Aesthetics%20Clinic%20%7C%20Medspa&query_place_id=ChIJsxXgGWdZwokR5nq3Fu3vf0o,4.6,158,0,
https://dermaclinicenter.com,Derma Lipo New York,(646) 707-0135,New York,New York,US,https://www.google.com/maps/search/?api=1&query=Derma%20Lipo%20New%20York&query_place_id=ChIJz99rLiJZwokRMioar0qzTMM,4,476,0,
https://cplanyc.com,Central Park Laser Aesthetics,(212) 601-2664,New York,New York,US,https://www.google.com/maps/search/?api=1&query=Central%20Park%20Laser%20Aesthetics&query_place_id=ChIJHYmcefFZwokRqYpqRw_67CY,4.9,47,0,
https://lecliniquenyc.com,Le Clinique NYC Laser Hair Removal,(646) 406-9042,New York,NY,US,https://www.google.com/maps/search/?api=1&query=Le%20Clinique%20NYC%20Laser%20Hair%20Removal&query_place_id=ChIJjwEnCgtZwokR3c0p-nlDd1s,4.9,69,0,
https://sa-beautylab.com,SA Beauty Lab Laser hair removal,(347) 476-9032,New York,New York,US,https://www.google.com/maps/search/?api=1&query=SA%20Beauty%20Lab%20Laser%20hair%20removal&query_place_id=ChIJXchG1vRFwokRIVcWEuGb3lQ,4.9,31,0,
https://vrmed.nyc,"VR MedSpa Aesthetic Salon, Manhattan",(347) 370-7668,New York,New York,US,https://www.google.com/maps/search/?api=1&query=VR%20MedSpa%20Aesthetic%20Salon%2C%20Manhattan&query_place_id=ChIJ0aw5Z09ZwokRCkUr7qBilow,4.2,55,0,
https://nushskincare.com,Nush Skincare,(646) 984-2946,New York,New York,US,https://www.google.com/maps/search/?api=1&query=Nush%20Skincare&query_place_id=ChIJXzQVmjtZwokRn4esC8FP91I,4.6,108,0,
https://bellalaserny.com,Bellalaser,(718) 389-2491,Brooklyn,New York,US,https://www.google.com/maps/search/?api=1&query=Bellalaser&query_place_id=ChIJd-8GKkFZwokR1XGDT8mVF1g,5,205,0,
https://leparlournyc.com,Le Parlour NYC Laser Spa,(347) 387-7195,New York,New York,US,https://www.google.com/maps/search/?api=1&query=Le%20Parlour%20NYC%20Laser%20Spa&query_place_id=ChIJz0z626RZwokRk2kvcQjoSi8,4.7,67,0,
https://bit.ly,W Laser,(646) 334-9922,New York,New York,US,https://www.google.com/maps/search/?api=1&query=W%20Laser&query_place_id=ChIJo0kBWhdZwokRBFEQ3QcBmzE,5,96,0,
https://skinconceptandlaser.com,Skin Concept And Laser,(646) 719-1111,New York,New York,US,https://www.google.com/maps/search/?api=1&query=Skin%20Concept%20And%20Laser&query_place_id=ChIJeYyjCDhZwokR0fdc8Q8290Y,4.9,268,0,
https://lasernurse.com,Laser Nurse | Laser Hair Removal NYC | Laser Hair Removal,(917) 656-2106,New York,New York,US,https://www.google.com/maps/search/?api=1&query=Laser%20Nurse%20%7C%20Laser%20Hair%20Removal%20NYC%20%7C%20Laser%20Hair%20Removal&query_place_id=ChIJxxvjJJ1ZwokRHO1j1AUEuik,5,43,0,
https://gglasernyc.com,GG Laser,(917) 660-0626,New York,New York,US,https://www.google.com/maps/search/?api=1&query=GG%20Laser&query_place_id=ChIJLdC2kCFZwokRknoAfinYdec,5,90,0,
https://advanceddermalaser.com,Advanced Derma Laser Inc.,(212) 223-2235,New York,New York,US,https://www.google.com/maps/search/?api=1&query=Advanced%20Derma%20Laser%20Inc.&query_place_id=ChIJPbgAMvxYwokR7gnL7_UEYew,4.9,51,0,
https://laserbodynyc.com,LaserBodyNYC,(929) 800-7032,New York,New York,US,https://www.google.com/maps/search/?api=1&query=LaserBodyNYC&query_place_id=ChIJTf_MtX5FwokR7XhHj3R4KUI,5,173,0,
https://lenoxhilllaseresthetic.com,Lenox Hill Laser Esthetic,,New York,New York,US,https://www.google.com/maps/search/?api=1&query=Lenox%20Hill%20Laser%20Esthetic&query_place_id=ChIJmUatr-1YwokRXi9fcyqjslM,4.7,70,0,
https://laserskinsurgery.com,Laser & Skin Surgery Center of New York,(212) 686-7306,New York,New York,US,https://www.google.com/maps/search/?api=1&query=Laser%20%26%20Skin%20Surgery%20Center%20of%20New%20York&query_place_id=ChIJs-xdjwVZwokROy69F2rmOf4,4.9,4212,0,
https://lasermenyc.com,Laser Me NYC,(609) 401-7987,New York,New York,US,https://www.google.com/maps/search/?api=1&query=Laser%20Me%20NYC&query_place_id=ChIJZ2biF-FZwokRS9OSpxBnJf4,5,37,0,
https://sparklasercenter.com,Spark Laser Center,(212) 245-0940,New York,New York,US,https://www.google.com/maps/search/?api=1&query=Spark%20Laser%20Center&query_place_id=ChIJhwHqRfdYwokR33UlKaLyUfI,4.7,182,0,
https://painlesslasercenter.com,Painless Laser Center,(646) 470-3375,New York,New York,US,https://www.google.com/maps/search/?api=1&query=Painless%20Laser%20Center&query_place_id=ChIJf-8gW5VZwokRiFamtnGYPjY,4.5,321,0,
https://santelaser.glossgenius.com,Santé Laser & Microneedling,(646) 708-2338,New York,New York,US,https://www.google.com/maps/search/?api=1&query=Sant%C3%A9%20Laser%20%26%20Microneedling&query_place_id=ChIJ8ZQD87lZwokRb1xX33yaYkU,5,80,0,
https://dermatologyandlasergroup.com,The Dermatology and Laser Group,(212) 444-8204,New York,New York,US,https://www.google.com/maps/search/?api=1&query=The%20Dermatology%20and%20Laser%20Group&query_place_id=ChIJYXF-mfdYwokRZb_mDDPzWSw,4.9,458,0,
https://chelseaskincenter.com,Chelsea Skin & Laser,(212) 675-0549,New York,New York,US,https://www.google.com/maps/search/?api=1&query=Chelsea%20Skin%20%26%20Laser&query_place_id=ChIJmR3TdLxZwokRBrnQKrZGm00,4.9,882,0,
https://newyork.crpce.com,Clinique des Champs Élysées,(212) 812-1107,New York,New York,US,https://www.google.com/maps/search/?api=1&query=Clinique%20des%20Champs%20%C3%89lys%C3%A9es&query_place_id=ChIJbVCkLzVZwokRhBjuf9kWdp4,4.9,266,0,
https://ilaseryou.com,I Laser You - Manhattan,(929) 600-0005,New York,New York,US,https://www.google.com/maps/search/?api=1&query=I%20Laser%20You%20-%20Manhattan&query_place_id=ChIJPScQR2lZwokRbn5cY91DeZ0,5,172,0,
https://laserandbeyond.com,Laser 'n' Beyond,(917) 684-6739,New York,New York,US,https://www.google.com/maps/search/?api=1&query=Laser%20'n'%20Beyond&query_place_id=ChIJxdSqnaxZwokRbr5lA8i5IyI,4.9,150,0,
https://newyoulasernyc.com,New You Laser,(212) 582-3500,New York,New York,US,https://www.google.com/maps/search/?api=1&query=New%20You%20Laser&query_place_id=ChIJ-8hXOPhYwokRAEK-lq3Fex8,4.5,126,0,
https://dermastarspa.com,DermaStar Skin & Laser,(315) 216-7497,New York,New York,US,https://www.google.com/maps/search/?api=1&query=DermaStar%20Skin%20%26%20Laser&query_place_id=ChIJW6UQZMRZwokR00tGkYCvdD4,5,177,0,
https://erasespa.com,Erase Spa,(212) 379-6558,New York,New York,US,https://www.google.com/maps/search/?api=1&query=Erase%20Spa&query_place_id=ChIJyUkMuq9ZwokRuZcgHR75jPk,4.5,234,0,
https://newyorklaserloft.com,New York Laser Loft,(646) 393-4364,New York,New York,US,https://www.google.com/maps/search/?api=1&query=New%20York%20Laser%20Loft&query_place_id=ChIJSV8NJqRZwokRIm2uUmtz_3Y,4.9,123,0,
https://beamlaserspa.com,Beam Laser Spa,(212) 245-2577,New York,New York,US,https://www.google.com/maps/search/?api=1&query=Beam%20Laser%20Spa&query_place_id=ChIJVZpFG_ZYwokR8WB58Yxdb-k,5,66,0,
https://lovelaserny.com,Love Laser,(917) 565-7118,New York,New York,US,https://www.google.com/maps/search/?api=1&query=Love%20Laser&query_place_id=ChIJ-8hXOPhYwokR1nOyEWqeoJI,5,58,0,
https://smoothsynergy.com,Smooth Synergy Medical Spa & Laser Center,(212) 397-0111,New York,New York,US,https://www.google.com/maps/search/?api=1&query=Smooth%20Synergy%20Medical%20Spa%20%26%20Laser%20Center&query_place_id=ChIJ-Q13HuVYwokRGJvYDhLqYsw,5,199,0,
https://newtouchlaser.com,New Touch Laser,(212) 935-7777,New York,New York,US,https://www.google.com/maps/search/?api=1&query=New%20Touch%20Laser&query_place_id=ChIJJUIKY-9YwokRvdOpzI3lb64,5,136,0,
https://luxlaserlabs.com,Lux Laser Labs,(212) 481-9000,New York,New York,US,https://www.google.com/maps/search/?api=1&query=Lux%20Laser%20Labs&query_place_id=ChIJZd_awBZZwokRPgKc2-lnSH4,5,166,0,
https://skintighteningnewyork.com,Harmony Laser,(646) 438-9036,New York,New York,US,https://www.google.com/maps/search/?api=1&query=Harmony%20Laser&query_place_id=ChIJf39gJghZwokR5FiS4HYlHgM,5,183,0,
https://laserbymonica.com,Laser By Monica,(646) 701-2774,New York,New York,US,https://www.google.com/maps/search/?api=1&query=Laser%20By%20Monica&query_place_id=ChIJm5VJ_QVZwokRbDGbfouVg0g,4.9,117,0,
https://laserbarandspa.com,Laser Bar & Spa,(646) 386-7562,New York,New York,US,https://www.google.com/maps/search/?api=1&query=Laser%20Bar%20%26%20Spa&query_place_id=ChIJqYQbJKlZwokRhUdBI348ku4,4.8,672,0,
https://thelaserlabny.com,The Laser Lab | Med Spa in New York | Laser Hair Removal,(917) 443-5747,New York,New York,US,https://www.google.com/maps/search/?api=1&query=The%20Laser%20Lab%20%7C%20Med%20Spa%20in%20New%20York%20%7C%20Laser%20Hair%20Removal&query_place_id=ChIJN0m9t2pZwokRa1W_zGx48B8,4.8,137,0,
https://upliftspa.com,UpLift Spa,(646) 952-2084,New York,New York,US,https://www.google.com/maps/search/?api=1&query=UpLift%20Spa&query_place_id=ChIJQyyYMAb2wokRx0SCZniDiHk,4.9,126,0,
https://romeojuliettelaserhairremoval.com,Romeo & Juliette Laser Hair Removal,(212) 750-2000,New York,New York,US,https://www.google.com/maps/search/?api=1&query=Romeo%20%26%20Juliette%20Laser%20Hair%20Removal&query_place_id=ChIJd-1gj_pYwokRI6-iP83VGxg,4.8,129,0,
https://bioskinlaser.com,Bioskin Laser,(917) 443-2929,New York,New York,US,https://www.google.com/maps/search/?api=1&query=Bioskin%20Laser&query_place_id=ChIJUyVQQutYwokRTIO2Fe3Noic,4.5,99,0,
https://hairremovalmanhattan.com,Laser Hair Removal Manhattan,(212) 995-8459,New York,New York,US,https://www.google.com/maps/search/?api=1&query=Laser%20Hair%20Removal%20Manhattan&query_place_id=ChIJVVXsZKFZwokRf6aYFWpZJ7Q,5,10,0,
https://skinsirens.com,Skin Sirens Aesthetics /Catherine Sanson R.N./ Powered by Portrait,(818) 814-9096,Calabasas,California,US,https://www.google.com/maps/search/?api=1&query=Skin%20Sirens%20Aesthetics%20%2FCatherine%20Sanson%20R.N.%2F%20Powered%20by%20Portrait&query_place_id=ChIJh9L1Z7idwoARfo35o4kArSI,5,11,0,
https://dreringordon.com,Dr. Erin Gordon,(818) 900-4465,Calabasas,California,US,https://www.google.com/maps/search/?api=1&query=Dr.%20Erin%20Gordon&query_place_id=ChIJkZpsDUuZwoARaLb1IPaVB00,5,10,0,
https://nextdrip.com,NextDrip Mobile IV Therapy of Calabasas,(818) 647-9111,Calabasas,California,US,https://www.google.com/maps/search/?api=1&query=NextDrip%20Mobile%20IV%20Therapy%20of%20Calabasas&query_place_id=ChIJnUCFv_6fwoARNzWq7uz88ig,5,29,0,
https://lighttouchnyc.com,Light Touch Laser Spa,(646) 926-7202,New York,New York,US,https://www.google.com/maps/search/?api=1&query=Light%20Touch%20Laser%20Spa&query_place_id=ChIJW8NsAaNZwokR8xKCA1PvWBo,5,364,0,
https://beautysolutionsmedspa.com,"Beauty Solutions Medical Aesthetics by Launa Stone, R.N.",(818) 860-0100,Woodland Hills,California,US,https://www.google.com/maps/search/?api=1&query=Beauty%20Solutions%20Medical%20Aesthetics%20by%20Launa%20Stone%2C%20R.N.&query_place_id=ChIJZxVaw3afwoARoK2IsvdLmqM,4.9,89,0,
https://manhattanlaserhairremoval.com,Manhattan Laser Centers,(212) 753-8888,New York,New York,US,https://www.google.com/maps/search/?api=1&query=Manhattan%20Laser%20Centers&query_place_id=ChIJWQCHB_pYwokROIwxtzfQZsE,4.9,116,0,
https://canvasbyn.com,CANVAS By N,(818) 697-8277,Calabasas,California,US,https://www.google.com/maps/search/?api=1&query=CANVAS%20By%20N&query_place_id=ChIJO-8WjYYn6IARxnVvN0dHdAs,5,42,0,
https://infinitylaserspa.com,Infinity Laser Spa,(212) 945-8298,New York,New York,US,https://www.google.com/maps/search/?api=1&query=Infinity%20Laser%20Spa&query_place_id=ChIJP3JVNq9ZwokRqXuwunNmwhA,4.8,2212,0,
https://nomimedicalstudios.com,Nomi Medical Studio,(424) 464-1333,Calabasas,California,US,https://www.google.com/maps/search/?api=1&query=Nomi%20Medical%20Studio&query_place_id=ChIJQaXMthefwoARpvflp6VehB0,5,7,0,
https://calabasasdermcenter.com,Brilliance Dermatology - Calabasas,(818) 222-7495,Calabasas,California,US,https://www.google.com/maps/search/?api=1&query=Brilliance%20Dermatology%20-%20Calabasas&query_place_id=ChIJc1Nr3WiewoARWRWy7Z8xWP0,4.9,362,0,
https://dermabeautymedical.com,Dermabeauty medical spa,(818) 914-6228,Calabasas,California,US,https://www.google.com/maps/search/?api=1&query=Dermabeauty%20medical%20spa&query_place_id=ChIJJ9RBOnyfwoARAjvZGQtQR4I,5,61,0,
https://cienegaspa.com,Cienega Medical - Calabasas,(310) 773-4236,Calabasas,California,US,https://www.google.com/maps/search/?api=1&query=Cienega%20Medical%20-%20Calabasas&query_place_id=ChIJcfXA1TQh6IARTLnqn-obvvU,4.9,58,0,
https://rawbeautyaesthetics.com,Raw Beauty Aesthetics Medical Spa,(818) 446-6111,Woodland Hills,California,US,https://www.google.com/maps/search/?api=1&query=Raw%20Beauty%20Aesthetics%20Medical%20Spa&query_place_id=ChIJS16WuOudwoARJNAEXnWDASg,5,489,0,
https://milanlaser.com,Milan Laser Hair Removal,(646) 343-5310,New York,New York,US,https://www.google.com/maps/search/?api=1&query=Milan%20Laser%20Hair%20Removal&query_place_id=ChIJC5r15rNZwokRgmSXYLFTGXc,4.6,137,0,
https://calabasasmac.com,Calabasas Medical and Aesthetic Center,(818) 858-1182,Calabasas,California,US,https://www.google.com/maps/search/?api=1&query=Calabasas%20Medical%20and%20Aesthetic%20Center&query_place_id=ChIJJ3vi0fyZwoARElzvBrICgtM,5,4,0,
https://puradermaesthetics.com,PuraDerm Aesthetics,(818) 223-9774,Calabasas,California,US,https://www.google.com/maps/search/?api=1&query=PuraDerm%20Aesthetics&query_place_id=ChIJAe3Bb4-ewoARr7o2rQpAvUA,4.6,15,0,
https://cosmeticlaserskinsurgery.com,New York Cosmetic Skin & Laser Surgery Center - Manhattan,(212) 285-1110,New York,New York,US,https://www.google.com/maps/search/?api=1&query=New%20York%20Cosmetic%20Skin%20%26%20Laser%20Surgery%20Center%20-%20Manhattan&query_place_id=ChIJib4psOlYwokRJ0TgoZutbAU,4.8,327,0,
https://skinbio.co,Skin Bio,(818) 222-9797,Calabasas,California,US,https://www.google.com/maps/search/?api=1&query=Skin%20Bio&query_place_id=ChIJ-6bGxeWfwoAR6nvhlBMsS00,4.9,43,0,
https://dermaglowla.com,DermaGlow Lab & Aesthetics,(818) 476-4880,Calabasas,California,US,https://www.google.com/maps/search/?api=1&query=DermaGlow%20Lab%20%26%20Aesthetics&query_place_id=ChIJlwcs5POfwoARGSM_U34woRo,5,25,0,
https://calabasasmedspa.com,Calabasas Med Spa,(818) 225-0122,Calabasas,California,US,https://www.google.com/maps/search/?api=1&query=Calabasas%20Med%20Spa&query_place_id=ChIJwR_vWGmewoAR9aCO7J61YtM,4.9,68,0,
https://collectivebeautymedspa.com,Collective Beauty Med Spa,(818) 221-1044,Calabasas,California,US,https://www.google.com/maps/search/?api=1&query=Collective%20Beauty%20Med%20Spa&query_place_id=ChIJ_0VRSoefwoARxzaUn2NeorI,5,6,0,
https://schweigerderm.com,Schweiger Dermatology Group - Calabasas,(818) 222-2055,Calabasas,California,US,https://www.google.com/maps/search/?api=1&query=Schweiger%20Dermatology%20Group%20-%20Calabasas&query_place_id=ChIJkz1iTwOfwoARfkuLgmD-bhg,4.9,151,0,
https://malibucanyonmedspa.com,Malibu Canyon Medical Spa,(310) 903-2784,Calabasas,California,US,https://www.google.com/maps/search/?api=1&query=Malibu%20Canyon%20Medical%20Spa&query_place_id=ChIJcUn0z8cg6IARta8gOWcOrdo,5,13,0,
https://thelaserbeautybar.com,The Laser Beauty Bar,(917) 324-3353,Astoria,New York,US,https://www.google.com/maps/search/?api=1&query=The%20Laser%20Beauty%20Bar&query_place_id=ChIJjT1YAE1fwokRFF8QEylZ-ic,4.9,194,0,
https://thelaserclubspa.com,The Laser Club Spa - Best Laser Hair Removal in Manhattan NYC,(347) 652-4086,New York,New York,US,https://www.google.com/maps/search/?api=1&query=The%20Laser%20Club%20Spa%20-%20Best%20Laser%20Hair%20Removal%20in%20Manhattan%20NYC&query_place_id=ChIJE1W9gIFZwokR4D0ksp86aQs,4.9,135,0,
https://lyevbeverlyhills.com,LYEV Beverly Hills- Medical Spa,(310) 601-7400,Beverly Hills,California,US,https://www.google.com/maps/search/?api=1&query=LYEV%20Beverly%20Hills-%20Medical%20Spa&query_place_id=ChIJF_W3VIK5woARnqq3kKbGbxw,4.9,209,0,
https://myskin22.com,Skin 22,(424) 888-0036,Beverly Hills,California,US,https://www.google.com/maps/search/?api=1&query=Skin%2022&query_place_id=ChIJ7yFq9jW5woAR4lQ4TRQ3sDQ,4.9,610,0,
https://thebeverlyhillsmedspa.com,The Beverly Hills Medspa,(310) 438-6422,Beverly Hills,California,US,https://www.google.com/maps/search/?api=1&query=The%20Beverly%20Hills%20Medspa&query_place_id=ChIJlT4CAc7x-KARTEA9PRzKvWE,4.4,7,0,
https://mavenmedispa.com,Maven Medi Spa,(310) 601-8606,Beverly Hills,California,US,https://www.google.com/maps/search/?api=1&query=Maven%20Medi%20Spa&query_place_id=ChIJ-VO90tl3zawRqaP9B37HtKo,4.9,100,0,
https://smoothskinlounge.com,SMOOTH SKIN LOUNGE,(818) 308-7703,Beverly Hills,California,US,https://www.google.com/maps/search/?api=1&query=SMOOTH%20SKIN%20LOUNGE&query_place_id=ChIJ77EHmAK9woARtWU1yYx__dM,4.9,607,0,
https://vsmedspas.com,VS Med Spas,(310) 866-7756,Beverly Hills,California,US,https://www.google.com/maps/search/?api=1&query=VS%20Med%20Spas&query_place_id=ChIJaePukcKlwoARoBsxS-n5yHM,4.9,89,0,
https://modernmedspala.com,Modern Med Spa,(818) 823-0655,Calabasas,California,US,https://www.google.com/maps/search/?api=1&query=Modern%20Med%20Spa&query_place_id=ChIJx4BKE4ifwoARAvcMId2S4yE,5,57,0,
https://skinversemedspa.com,Skin Verse Medical Spa,(424) 255-9289,Beverly Hills,California,US,https://www.google.com/maps/search/?api=1&query=Skin%20Verse%20Medical%20Spa&query_place_id=ChIJnfLGEf-5woARleae0sV9rac,4.9,226,0,
https://pensiuneabeverlyhills.ro,Pension Beverly Hills,+40 749 038 010,Băile Felix,,RO,https://www.google.com/maps/search/?api=1&query=Pension%20Beverly%20Hills&query_place_id=ChIJp9N_Fhw5RkcRpsahK7X5tnI,4.7,189,0,
https://beverlyhillsbeauty.co.uk,Beverly Hills Beauty,+44 7775 000031,Glasgow,,GB,https://www.google.com/maps/search/?api=1&query=Beverly%20Hills%20Beauty&query_place_id=ChIJ3_makqFGiEgRTiHpvYSheyA,3.9,14,0,
https://beverlyhillsbeauty.at,Beverly Hills Beauty,+43 677 64798093,Vienna,,AT,https://www.google.com/maps/search/?api=1&query=Beverly%20Hills%20Beauty&query_place_id=ChIJcwALIT8HbUcRz7LV8djX9a8,4.4,69,0,
https://laageless.com,LA Ageless Medical Aesthetics,(310) 347-4739,Beverly Hills,California,US,https://www.google.com/maps/search/?api=1&query=LA%20Ageless%20Medical%20Aesthetics&query_place_id=ChIJWc-otZi7woAR9piKEpDm7T0,5,100,0,
https://bwaesthetics.com,Beverly Wilshire Aesthetics Beverly Hills Medical Spa,(424) 453-5340,Beverly Hills,California,US,https://www.google.com/maps/search/?api=1&query=Beverly%20Wilshire%20Aesthetics%20Beverly%20Hills%20Medical%20Spa&query_place_id=ChIJRXmaci25woARzVigGETaXic,5,139,0,
https://halobeverlyhills.com,HALO Beverly Hills,(310) 772-0755,Beverly Hills,California,US,https://www.google.com/maps/search/?api=1&query=HALO%20Beverly%20Hills&query_place_id=ChIJgYHioS-9woAR9zhUdTx4L44,4.9,152,0,
https://beverlyhillshairstylemunich.de,Beverly Hills Hair Style Munich,089 38898966,Munich,,DE,https://www.google.com/maps/search/?api=1&query=Beverly%20Hills%20Hair%20Style%20Munich&query_place_id=ChIJt_RY7Md1nkcRZrTByxA75Io,5,189,0,
https://beyondmedispa.com,Beyond Aesthetic Clinic,+44 20 4642 5480,London,,GB,https://www.google.com/maps/search/?api=1&query=Beyond%20Aesthetic%20Clinic&query_place_id=ChIJCa2AdjkFdkgRoXOyLmeOu2g,4.6,67,0,
https://themedspaatbeverlyhills.com,The MedSpa at Beverly Hills,(424) 355-0116,Beverly Hills,California,US,https://www.google.com/maps/search/?api=1&query=The%20MedSpa%20at%20Beverly%20Hills&query_place_id=ChIJAVkF8hG7woARf3HNQF3XTWQ,5,127,0,
https://bevmedla.com,BevMed LA,(310) 879-1066,Beverly Hills,California,US,https://www.google.com/maps/search/?api=1&query=BevMed%20LA&query_place_id=ChIJhw5aE4-5woARydsfkETZ8i4,5,103,0,
https://pfeffersal.com,Pfeffer Sal,+44 20 3883 4702,London,,GB,https://www.google.com/maps/search/?api=1&query=Pfeffer%20Sal&query_place_id=ChIJzUjPDyobdkgRHdOh7Og0VN4,4.7,132,0,
https://picoclinics.com,PICO London,+44 7555 739379,London,,GB,https://www.google.com/maps/search/?api=1&query=PICO%20London&query_place_id=ChIJlzZJhZIFdkgRRh103ZNe8LI,4.9,94,0,
https://swissamedspa.com,Swissa Medspa Inc,(818) 735-8818,Calabasas,California,US,https://www.google.com/maps/search/?api=1&query=Swissa%20Medspa%20Inc&query_place_id=ChIJ73mCSwefwoARfO7CaEyOKJo,5,7,0,
https://beverlyhillsmedspa.com,Beverly Hills Med Spa,(310) 359-8832,Beverly Hills,California,US,https://www.google.com/maps/search/?api=1&query=Beverly%20Hills%20Med%20Spa&query_place_id=ChIJ964sNk-5woARl5j5Ve8yiaw,4.5,35,0,
https://plazamedspa.com,Beverly Hills Plaza Medi Spa,(310) 254-2371,Beverly Hills,California,US,https://www.google.com/maps/search/?api=1&query=Beverly%20Hills%20Plaza%20Medi%20Spa&query_place_id=ChIJ91FMI3e8woARIVqxVlVy-TE,4.1,211,0,
https://radiancerevealedbeverlyhillsca.hibuwebsites.com,Radiance Revealed Beverly Hills,(310) 294-5603,Beverly Hills,California,US,https://www.google.com/maps/search/?api=1&query=Radiance%20Revealed%20Beverly%20Hills&query_place_id=ChIJq9_5Mdq-woARfNk6x6dWprI,5,117,0,
https://iglowmedspa.com,iGlow Med Spa,(310) 652-0544,Beverly Hills,California,US,https://www.google.com/maps/search/?api=1&query=iGlow%20Med%20Spa&query_place_id=ChIJ_WkacAe8woARiGzquqAmKKM,4.4,55,0,
https://altamedispa.com,ALTA Medispa,(424) 202-2868,Beverly Hills,California,US,https://www.google.com/maps/search/?api=1&query=ALTA%20Medispa&query_place_id=ChIJx4epIYW7woARCGpnHPfmxyg,5,62,0,
https://vaishaly.com,Vaishaly,+44 20 4509 9700,London,,GB,https://www.google.com/maps/search/?api=1&query=Vaishaly&query_place_id=ChIJVWNNBM4adkgR8CuWAL2bTo4,4.4,74,0,
